Rk,Player,Pos,Tm,Cap Hit
1,Kirk Cousins,QB,WAS,"$23,943,600"
2,Trumaine Johnson,CB,LAR,"$16,742,400"
3,Josh Norman,CB,WAS,"$16,500,000"
,Von Miller,LB,DEN,"$16,500,000"
5,Justin Houston,LB,KAN,"$16,350,000"
6,Matt Ryan,QB,ATL,"$15,750,000"
7,Carson Palmer,QB,ARI,"$15,500,000"
8,Muhammad Wilkerson,DT,NYJ,"$14,750,000"
9,Sam Bradford,QB,MIN,"$14,000,000"
10,Malik Jackson,DT,JAX,"$13,500,000"
11,Gerald McCoy,DT,TAM,"$13,250,000"
12,Cam Newton,QB,CAR,"$13,166,666"
13,Andy Dalton,QB,CIN,"$13,100,000"
14,Eli Manning,QB,NYG,"$13,000,000"
,Drew Brees,QB,NOR,"$13,000,000"
,Dez Bryant,WR,DAL,"$13,000,000"
17,Janoris Jenkins,CB,NYG,"$12,900,000"
18,Ezekiel Ansah,DE,DET,"$12,734,000"
19,Russell Wilson,QB,SEA,"$12,600,000"
20,Aaron Rodgers,QB,GNB,"$12,550,000"
21,Le'Veon Bell,RB,PIT,"$12,120,000"
22,Ben Roethlisberger,QB,PIT,"$12,000,000"
23,Olivier Vernon,DE,NYG,"$11,750,000"
24,Julio Jones,WR,ATL,"$11,500,000"
25,Richard Sherman,DB,SEA,"$11,431,000"
26,Trent Williams,T,WAS,"$11,250,000"
27,Larry Fitzgerald,WR,ARI,"$11,000,000"
,Aqib Talib,DB,DEN,"$11,000,000"
,Philip Rivers,QB,LAC,"$11,000,000"
30,Alex Smith,QB,KAN,"$10,800,000"
31,J.J. Watt,DE,HOU,"$10,500,000"
32,A.J. Green,WR,CIN,"$10,300,000"
33,Clay Matthews,LB,GNB,"$10,100,000"
34,Ndamukong Suh,DT,MIA,"$9,985,000"
35,Patrick Peterson,CB,ARI,"$9,750,000"
,Marcell Dareus,DT,2TM,"$9,750,000"
37,Duane Brown,G,2TM,"$9,400,000"
38,Vontae Davis,DB,IND,"$9,000,000"
,Calais Campbell,DE,JAX,"$9,000,000"
,Cordy Glenn,T,BUF,"$9,000,000"
41,Justin Pugh,OG,NYG,"$8,821,000"
42,Joe Thomas,T,CLE,"$8,800,000"
43,Damon Harrison,DT,NYG,"$8,750,000"
44,Randall Cobb,WR,GNB,"$8,600,000"
45,Byron Maxwell,DB,2TM,"$8,500,000"
,Demaryius Thomas,WR,DEN,"$8,500,000"
,Earl Thomas,DB,SEA,"$8,500,000"
48,Alec Ogletree,OLB,LAR,"$8,369,000"
49,Jordy Nelson,WR,GNB,"$8,250,000"
,Ryan Kerrigan,DE,WAS,"$8,250,000"
,Joe Staley,T,SFO,"$8,250,000"
52,Sheldon Richardson,DT,SEA,"$8,069,000"
53,Xavier Rhodes,CB,MIN,"$8,026,000"
54,Corey Liuget,DT,LAC,"$8,000,000"
,T.Y. Hilton,WR,IND,"$8,000,000"
,Mike Glennon,QB,CHI,"$8,000,000"
,DeAndre Hopkins,WR,HOU,"$8,000,000"
,Mike Iupati,G,ARI,"$8,000,000"
59,Mike Pouncey,OL,MIA,"$7,950,000"
60,Jimmy Graham,TE,SEA,"$7,900,000"
61,Lane Johnson,OT,PHI,"$7,750,000"
62,Maurkice Pouncey,C,PIT,"$7,500,000"
,Andrew Whitworth,T,LAR,"$7,500,000"
,Tyrod Taylor,QB,BUF,"$7,500,000"
,Dontari Poe,DT,ATL,"$7,500,000"
66,Jason Witten,TE,DAL,"$7,400,000"
,Chris Harris,CB,DEN,"$7,400,000"
68,Luke Kuechly,ILB,CAR,"$7,363,324"
69,Geno Atkins,DT,CIN,"$7,300,000"
70,Tyrone Crawford,DE,DAL,"$7,250,000"
71,Vinny Curry,DE,PHI,"$7,000,000"
,Akiem Hicks,DE,CHI,"$7,000,000"
,Allen Hurns,WR,JAX,"$7,000,000"
,Chandler Jones,DE,ARI,"$7,000,000"
,Marvin Jones,WR,DET,"$7,000,000"
,Cameron Jordan,DE,NOR,"$7,000,000"
77,Dominique Rodgers-Cromartie,DB,NYG,"$6,980,000"
78,Pernell McPhee,DL,CHI,"$6,950,000"
79,Cameron Wake,LB,MIA,"$6,875,000"
80,Eric Fisher,OT,KAN,"$6,857,977"
81,Star Lotulelei,DT,CAR,"$6,757,000"
82,Emmanuel Sanders,WR,DEN,"$6,750,000"
83,Kelechi Osemele,T,OAK,"$6,700,000"
84,Bennie Logan,DT,KAN,"$6,680,000"
85,Vontaze Burfict,LB,CIN,"$6,535,529"
86,Jared Veldheer,T,ARI,"$6,500,000"
,Jermey Parnell,T,JAX,"$6,500,000"
,Rodney Hudson,OL,OAK,"$6,500,000"
,Michael Bennett,DE,SEA,"$6,500,000"
,Brandon Graham,DE,PHI,"$6,500,000"
,Nate Solder,T,NWE,"$6,500,000"
,Johnathan Joseph,DB,HOU,"$6,500,000"
,Kareem Jackson,DB,HOU,"$6,500,000"
,Devin McCourty,DB,NWE,"$6,500,000"
,Greg Olsen,TE,CAR,"$6,500,000"
,DeSean Jackson,WR,TAM,"$6,500,000"
97,Kyle Williams,DT,BUF,"$6,300,000"
98,Kyle Long,OT,CHI,"$6,250,000"
,DeMarco Murray,RB,TEN,"$6,250,000"
,Michael Crabtree,WR,OAK,"$6,250,000"
101,Brian Orakpo,LB,TEN,"$6,200,000"
,Riley Reiff,OT,MIN,"$6,200,000"
103,Robert Quinn,DE,LAR,"$6,161,616"
104,Adam Jones,DB,CIN,"$6,023,529"
105,Kawann Short,DT,CAR,"$6,000,000"
,Kevin Zeitler,G,CLE,"$6,000,000"
,Marshal Yanda,T,BAL,"$6,000,000"
,Derrick Morgan,DE,TEN,"$6,000,000"
,Buster Skrine,DB,NYJ,"$6,000,000"
,Lavonte David,OLB,TAM,"$6,000,000"
,Brent Grimes,DB,TAM,"$6,000,000"
,Golden Tate,WR,DET,"$6,000,000"
,Mohamed Sanu,WR,ATL,"$6,000,000"
,Darian Stewart,DB,DEN,"$6,000,000"
,Malcolm Jenkins,DB,PHI,"$6,000,000"
,LeSean McCoy,RB,BUF,"$6,000,000"
,Joe Flacco,QB,BAL,"$6,000,000"
118,K.J. Wright,LB,SEA,"$5,800,000"
,Donald Penn,T,OAK,"$5,800,000"
,Coby Fleener,TE,NOR,"$5,800,000"
121,Doug Martin,RB,TAM,"$5,764,706"
122,Alex Mack,C,ATL,"$5,750,000"
,Tamba Hali,DE,KAN,"$5,750,000"
124,Kenny Vaccaro,FS,NOR,"$5,676,000"
,Eric Reid,FS,SFO,"$5,676,000"
126,Julius Thomas,TE,MIA,"$5,500,000"
,Brandon Linder,OG,JAX,"$5,500,000"
,Haloti Ngata,DT,DET,"$5,500,000"
,Lamar Miller,RB,HOU,"$5,500,000"
,Derek Wolfe,DT,DEN,"$5,500,000"
131,Jerry Hughes,DE,BUF,"$5,400,000"
,Bryan Bulaga,T,GNB,"$5,400,000"
133,Carlos Dunlap,DE,CIN,"$5,350,000"
134,Gabe Jackson,OG,OAK,"$5,250,000"
,Travis Benjamin,WR,LAC,"$5,250,000"
,Andy Levitre,G,ATL,"$5,250,000"
137,Kyle Rudolph,TE,MIN,"$5,150,000"
,Harrison Smith,FS,MIN,"$5,150,000"
139,Rishard Matthews,WR,TEN,"$5,000,000"
,Barry Church,DB,JAX,"$5,000,000"
,Mike Mitchell,DB,PIT,"$5,000,000"
,Logan Ryan,CB,TEN,"$5,000,000"
,Sean Smith,DB,OAK,"$5,000,000"
,Melvin Ingram,DE,LAC,"$5,000,000"
,Derek Carr,QB,OAK,"$5,000,000"
,Jay Cutler,QB,MIA,"$5,000,000"
,Tashaun Gipson,DB,JAX,"$5,000,000"
,Mark Barron,LB,LAR,"$5,000,000"
,Brandon Brooks,G,PHI,"$5,000,000"
,Jason Kelce,OL,PHI,"$5,000,000"
151,Mitchell Schwartz,T,KAN,"$4,900,000"
152,Mychal Kendricks,ILB,PHI,"$4,850,000"
153,Rodger Saffold,T,LAR,"$4,847,233"
154,Tyler Eifert,TE,CIN,"$4,782,000"
155,Tyrann Mathieu,CB,ARI,"$4,750,000"
,Mike Wallace,WR,BAL,"$4,750,000"
,Jeff Allen,T,HOU,"$4,750,000"
,Jamie Collins,OLB,CLE,"$4,750,000"
,Morgan Burnett,DB,GNB,"$4,750,000"
160,Josh Sitton,G,CHI,"$4,650,000"
161,Stephon Gilmore,CB,NWE,"$4,500,000"
,Joe Barksdale,OL,LAC,"$4,500,000"
,Charles Clay,TE,BUF,"$4,500,000"
,Cliff Avril,DE,SEA,"$4,500,000"
,Chris Ivory,RB,JAX,"$4,500,000"
,Bruce Irvin,DE,OAK,"$4,500,000"
,Antonio Gates,TE,LAC,"$4,500,000"
,Whitney Mercilus,DE,HOU,"$4,500,000"
169,James Carpenter,OL,NYJ,"$4,450,000"
170,Demar Dotson,T,TAM,"$4,250,000"
,Rob Gronkowski,TE,NWE,"$4,250,000"
172,Delanie Walker,TE,TEN,"$4,200,000"
,Terron Armstead,OT,NOR,"$4,200,000"
,Bobby Massie,T,CHI,"$4,200,000"
175,Brooks Reed,DL,ATL,"$4,100,000"
,Darius Slay,CB,DET,"$4,100,000"
177,Clint Boling,OL,CIN,"$4,050,000"
,Dustin Colquitt,P,KAN,"$4,050,000"
179,Terrell Suggs,LB-DE,BAL,"$4,000,000"
,Marcedes Lewis,TE,JAX,"$4,000,000"
,Marcus Gilbert,OL,PIT,"$4,000,000"
,Nigel Bradham,OLB,PHI,"$4,000,000"
,Robert Ayers,DE,TAM,"$4,000,000"
,Darren Sproles,RB,PHI,"$4,000,000"
,Bobby Wagner,ILB,SEA,"$4,000,000"
,Shawn Lauvao,G,WAS,"$4,000,000"
,Matt Forte,RB,NYJ,"$4,000,000"
,Eric Weddle,DB,BAL,"$4,000,000"
,Torrey Smith,WR,PHI,"$4,000,000"
,Kenny Britt,WR,2TM,"$4,000,000"
,Jeremy Lane,CB,SEA,"$4,000,000"
,George Iloka,FS,CIN,"$4,000,000"
193,Paul Posluszny,LB,JAX,"$3,950,000"
194,Malcolm Butler,CB,NWE,"$3,910,000"
195,Brian Robison,DE,MIN,"$3,900,000"
,Ron Parker,CB,KAN,"$3,900,000"
,Allen Bailey,DL,KAN,"$3,900,000"
198,Christian Kirksey,OLB,CLE,"$3,797,000"
199,J.R. Sweezy,G,TAM,"$3,750,000"
,Jerrell Freeman,LB,CHI,"$3,750,000"
,Adrian Clayborn,DL,ATL,"$3,750,000"
,Jordan Reed,TE,WAS,"$3,750,000"
,Bilal Powell,RB,NYJ,"$3,750,000"
204,Pierre Garcon,WR,SFO,"$3,675,000"
205,Michael Johnson,DE,CIN,"$3,550,000"
206,Tavon Austin,WR,LAR,"$3,500,000"
,Prince Amukamara,CB,CHI,"$3,500,000"
,Frank Gore,RB,IND,"$3,500,000"
,Ben Jones,C,TEN,"$3,500,000"
,Cole Beasley,WR,DAL,"$3,500,000"
211,Brandon Mebane,DT,LAC,"$3,350,000"
212,Greg Robinson,OT,DET,"$3,322,377"
213,Thomas Davis,LB,CAR,"$3,250,000"
,Casey Hayward,DB,LAC,"$3,250,000"
215,Blake Bortles,QB,JAX,"$3,236,565"
216,Graham Gano,K,CAR,"$3,200,000"
,Dan Bailey,K,DAL,"$3,200,000"
218,Richie Incognito,G,BUF,"$3,175,000"
219,Joel Bitonio,OT,CLE,"$3,164,777"
220,Thomas Morstead,P,NOR,"$3,150,000"
,Matt Prater,K,DET,"$3,150,000"
222,Mark Ingram,RB,NOR,"$3,100,000"
,Shawn Williams,SS,CIN,"$3,100,000"
224,C.J. Fiedorowicz,TE,HOU,"$3,097,000"
225,Tahir Whitehead,OLB,DET,"$3,050,000"
226,Tony Jefferson,FS,BAL,"$3,000,000"
,T.J. Ward,DB,TAM,"$3,000,000"
,Jason Peters,T,PHI,"$3,000,000"
,Markus Wheaton,WR,CHI,"$3,000,000"
,Chris Baker,DT,TAM,"$3,000,000"
,Josh McCown,QB,NYJ,"$3,000,000"
,Brent Celek,TE,PHI,"$3,000,000"
,Robert Woods,WR,LAR,"$3,000,000"
,Terrelle Pryor,QB,WAS,"$3,000,000"
,Ricky Wagner,OT,DET,"$3,000,000"
,Russell Okung,T,LAC,"$3,000,000"
,NaVorro Bowman,LB,2TM,"$3,000,000"
,Fletcher Cox,DT,PHI,"$3,000,000"
,Brandon Marshall,WR,NYG,"$3,000,000"
,Derrick Shelby,DE,ATL,"$3,000,000"
,William Gholston,DE,TAM,"$3,000,000"
,Marcus Cooper,CB,CHI,"$3,000,000"
,Kam Chancellor,DB,SEA,"$3,000,000"
,Ryan Kalil,C,CAR,"$3,000,000"
,Johnathan Hankins,DT,IND,"$3,000,000"
,A.J. Bouye,CB,JAX,"$3,000,000"
,Orlando Scandrick,DB,DAL,"$3,000,000"
,T.J. Lang,T,DET,"$3,000,000"
249,Andrew Sendejo,DB,MIN,"$2,950,000"
250,Andre Branch,DE,MIA,"$2,900,000"
,C.J. Anderson,RB,DEN,"$2,900,000"
252,Steve McLendon,DT,NYJ,"$2,875,000"
253,Colt McCoy,QB,WAS,"$2,800,000"
,Kevin Huber,P,CIN,"$2,800,000"
,Brett Kern,P,TEN,"$2,800,000"
,Virgil Green,TE,DEN,"$2,800,000"
,Domata Peko,DT,DEN,"$2,800,000"
,Justin Tucker,K,BAL,"$2,800,000"
259,Jonathan Casillas,LB,NYG,"$2,750,000"
,William Hayes,DE,MIA,"$2,750,000"
,Corey Peters,DT,ARI,"$2,750,000"
,Adam Vinatieri,K,IND,"$2,750,000"
,Reggie Nelson,DB,OAK,"$2,750,000"
,Chris Clark,T,HOU,"$2,750,000"
,Luke Joeckel,OT,SEA,"$2,750,000"
,Kayvon Webster,CB,LAR,"$2,750,000"
267,Todd Davis,LB,DEN,"$2,746,000"
,Marcus Williams,CB,2TM,"$2,746,000"
,Dontrelle Inman,WR,2TM,"$2,746,000"
,Trey Burton,TE,PHI,"$2,746,000"
,Wesley Johnson,OT,NYJ,"$2,746,000"
,Brandon McManus,K,DEN,"$2,746,000"
,Isaiah Crowell,RB,CLE,"$2,746,000"
,Andrew Norwell,G,CAR,"$2,746,000"
,Taylor Gabriel,WR,ATL,"$2,746,000"
,Adam Thielen,WR,MIN,"$2,746,000"
277,Stephen Gostkowski,K,NWE,"$2,700,000"
,Travis Kelce,TE,KAN,"$2,700,000"
279,Ramon Foster,T,PIT,"$2,675,000"
280,Dante Fowler,OLB,JAX,"$2,570,478"
281,Dre Kirkpatrick,CB,CIN,"$2,550,000"
,Drew Stanton,QB,ARI,"$2,550,000"
283,Chris Hogan,WR,NWE,"$2,500,000"
,Morris Claiborne,CB,NYJ,"$2,500,000"
,Cordarrelle Patterson,WR,OAK,"$2,500,000"
,Quintin Demps,DB,CHI,"$2,500,000"
,Jarius Wright,WR,MIN,"$2,500,000"
,Jabaal Sheard,DL,IND,"$2,500,000"
,Brandon Marshall,OLB,DEN,"$2,500,000"
,Jared Cook,TE,OAK,"$2,500,000"
,Patrick Chung,DB,NWE,"$2,500,000"
,Ronald Leary,G,DEN,"$2,500,000"
,Donald Stephenson,T,DEN,"$2,500,000"
,Jamar Taylor,CB,CLE,"$2,500,000"
,Dwayne Allen,TE,NWE,"$2,500,000"
,Abry Jones,DT,JAX,"$2,500,000"
297,Dwayne Harris,WR,NYG,"$2,475,000"
298,Zane Beadles,T,SFO,"$2,450,000"
,Emmanuel Lamur,LB,MIN,"$2,450,000"
300,Johnny Hekker,P,LAR,"$2,444,444"
301,Ryan Succop,K,TEN,"$2,400,000"
,Marquette King,P,OAK,"$2,400,000"
,Da'Norris Searcy,DB,TEN,"$2,400,000"
,Terence Newman,DB,MIN,"$2,400,000"
305,Sam Koch,P,BAL,"$2,300,000"
,Micah Hyde,CB,BUF,"$2,300,000"
,Tom Johnson,DT,MIN,"$2,300,000"
308,Brian Cushing,LB,HOU,"$2,264,706"
309,Chad Henne,QB,JAX,"$2,250,000"
,Terrell McClain,DL,WAS,"$2,250,000"
,Lane Taylor,G,GNB,"$2,250,000"
,Vincent Rey,LB,CIN,"$2,250,000"
,Elvis Dumervil,DE,SFO,"$2,250,000"
,Arthur Moats,LB,PIT,"$2,250,000"
,James Hanna,TE,DAL,"$2,250,000"
,Stacy McGee,DT,WAS,"$2,250,000"
317,Sam Martin,P,DET,"$2,225,000"
318,Jermaine Kearse,WR,NYJ,"$2,200,000"
,Matthew Bosher,P,ATL,"$2,200,000"
,Wesley Woodyard,LB,TEN,"$2,200,000"
321,Anthony Barr,OLB,MIN,"$2,157,750"
322,Shane Vereen,RB,NYG,"$2,150,000"
323,J.J. Wilcox,S,PIT,"$2,125,000"
324,Vance McDonald,TE,PIT,"$2,100,000"
,Mike Daniels,DT,GNB,"$2,100,000"
326,Brandon Carr,DB,BAL,"$2,000,000"
,Ben Ijalana,OL,NYJ,"$2,000,000"
,Josh Robinson,CB,TAM,"$2,000,000"
,Connor Barwin,DE,LAR,"$2,000,000"
,Lorenzo Alexander,LB,BUF,"$2,000,000"
,Vince Williams,ILB,PIT,"$2,000,000"
,Clinton McDonald,DT,TAM,"$2,000,000"
,Justin Bethel,CB,ARI,"$2,000,000"
,D.J. Hayden,CB,DET,"$2,000,000"
,Brice McCain,DB,TEN,"$2,000,000"
,Kyle Juszczyk,FB,SFO,"$2,000,000"
,Vernon Davis,TE,WAS,"$2,000,000"
,Matt Slauson,G,LAC,"$2,000,000"
,Robert Alford,CB,ATL,"$2,000,000"
,Jermaine Gresham,TE,ARI,"$2,000,000"
,Johnathan Cyprien,SS,TEN,"$2,000,000"
,Antoine Bethea,DB,ARI,"$2,000,000"
,Dion Sims,TE,CHI,"$2,000,000"
,D.J. Swearinger,FS,WAS,"$2,000,000"
,Sylvester Williams,DT,TEN,"$2,000,000"
,Brynden Trawick,S,TEN,"$2,000,000"
,Danny Trevathan,OLB,CHI,"$2,000,000"
,William Gay,DB,PIT,"$2,000,000"
,Paul Worrilow,LB,DET,"$2,000,000"
,J.C. Tretter,OG,CLE,"$2,000,000"
,Phil Dawson,K,ARI,"$2,000,000"
,Ted Ginn,WR,NOR,"$2,000,000"
353,Taylor Lewan,OT,TEN,"$1,986,136"
354,Kenny Stills,WR,MIA,"$1,975,000"
355,Ed Dickson,TE,CAR,"$1,950,000"
,Marcus Sherels,DB,MIN,"$1,950,000"
,Marquise Goodwin,WR,SFO,"$1,950,000"
358,Kurt Coleman,LB,CAR,"$1,900,000"
,Everson Griffen,DE,MIN,"$1,900,000"
,Brad Nortman,P,JAX,"$1,900,000"
,Landry Jones,QB,PIT,"$1,900,000"
362,Odell Beckham,WR,NYG,"$1,839,027"
363,Aaron Donald,DT,LAR,"$1,802,250"
364,Rex Burkhead,RB,NWE,"$1,800,000"
365,Telvin Smith,ILB,JAX,"$1,797,000"
,Maurice Alexander,SS,LAR,"$1,797,000"
,Michael Schofield,OT,LAC,"$1,797,000"
,Devon Kennard,OLB,NYG,"$1,797,000"
,William Compton,LB,WAS,"$1,797,000"
,E.J. Gaines,CB,BUF,"$1,797,000"
,Korey Toomer,ILB,LAC,"$1,797,000"
,Donte Moncrief,WR,IND,"$1,797,000"
,Kerry Wynn,DE,NYG,"$1,797,000"
,John Brown,WR,ARI,"$1,797,000"
,Avery Williamson,ILB,TEN,"$1,797,000"
,Kevin Pamphile,OT,TAM,"$1,797,000"
,Shamar Stephen,DT,MIN,"$1,797,000"
,Russell Bodine,OG,CIN,"$1,797,000"
,Anthony Hitchens,OLB,DAL,"$1,797,000"
,Justin Ellis,DT,OAK,"$1,797,000"
,Aaron Colvin,CB,JAX,"$1,797,000"
,Damien Williams,RB,MIA,"$1,797,000"
,Chris Hubbard,G,PIT,"$1,797,000"
,Michael Thomas,S,MIA,"$1,797,000"
,DaQuan Jones,DT,TEN,"$1,797,000"
,Ryan Jensen,T,BAL,"$1,797,000"
,Cameron Fleming,OT,NWE,"$1,797,000"
,Terrance West,RB,BAL,"$1,797,000"
,Charles Leno,OG,CHI,"$1,797,000"
,Bashaud Breeland,CB,WAS,"$1,797,000"
,Aaron Lynch,DE,SFO,"$1,797,000"
,T.J. Carrie,CB,OAK,"$1,797,000"
,Denico Autry,DE,OAK,"$1,797,000"
,Andre Hal,CB,HOU,"$1,797,000"
,Albert Wilson,WR,KAN,"$1,797,000"
,Corey Linsley,C,GNB,"$1,797,000"
,Nevin Lawson,CB,DET,"$1,797,000"
398,Zach Fulton,OG,KAN,"$1,788,500"
399,Spencer Long,OG,WAS,"$1,787,000"
,Richard Rodgers,TE,GNB,"$1,787,000"
401,Travis Swanson,C,DET,"$1,772,000"
402,Preston Brown,ILB,BUF,"$1,762,000"
403,Ryan Fitzpatrick,QB,TAM,"$1,750,000"
,Alan Branch,DT,NWE,"$1,750,000"
,Joe Hawley,G,TAM,"$1,750,000"
,Allen Barbre,T,DEN,"$1,750,000"
,Niles Paul,WR,WAS,"$1,750,000"
,Matt Moore,QB,MIA,"$1,750,000"
,Matt Cassel,QB,TEN,"$1,750,000"
,Scott Tolzien,QB,IND,"$1,750,000"
411,Ereck Flowers,OT,NYG,"$1,743,338"
412,Kyle Fuller,CB,CHI,"$1,740,955"
413,Jared Goff,QB,LAR,"$1,719,894"
414,Ryan Shazier,OLB,PIT,"$1,716,438"
415,Max Unger,C,NOR,"$1,700,000"
,Zach Strief,G,NOR,"$1,700,000"
,Larry Warford,OG,NOR,"$1,700,000"
,A.J. Klein,ILB,NOR,"$1,700,000"
,Ryan Hewitt,FB,CIN,"$1,700,000"
,Luke Stocker,TE,2TM,"$1,700,000"
421,Todd Gurley,RB,LAR,"$1,691,653"
422,Carson Wentz,QB,PHI,"$1,662,561"
423,Earl Mitchell,DT,SFO,"$1,650,000"
,Josh Hill,TE,NOR,"$1,650,000"
,Britton Colquitt,P,CLE,"$1,650,000"
426,Zack Martin,OT,DAL,"$1,642,882"
427,C.J. Mosley,ILB,BAL,"$1,618,365"
428,Trae Waynes,CB,MIN,"$1,611,761"
429,Giovani Bernard,RB,CIN,"$1,600,000"
,Steven Hauschka,K,BUF,"$1,600,000"
431,Eric Ebron,TE,DET,"$1,590,337"
432,Calvin Pryor,FS,JAX,"$1,587,716"
433,Ezekiel Elliott,RB,DAL,"$1,584,379"
434,Ja'Wuan James,OT,MIA,"$1,569,327"
435,Josh Martin,LB,NYJ,"$1,550,000"
,Derek Anderson,QB,CAR,"$1,550,000"
,Zach Brown,OLB,WAS,"$1,550,000"
,Garrett Celek,TE,SFO,"$1,550,000"
439,Desmond Trufant,CB,ATL,"$1,526,000"
440,Austin Howard,T,BAL,"$1,525,000"
441,Jalen Ramsey,FS,JAX,"$1,511,409"
442,Keenan Robinson,OLB,NYG,"$1,500,000"
,Bryan Anger,P,TAM,"$1,500,000"
,Davon House,DB,GNB,"$1,500,000"
,Shane Lechler,P,HOU,"$1,500,000"
,Zach Miller,TE,CHI,"$1,500,000"
,Jordan Poyer,CB,BUF,"$1,500,000"
,Mike Gillislee,RB,NWE,"$1,500,000"
,Kelvin Beachum,T,NYJ,"$1,500,000"
,D.J. Fluker,OT,NYG,"$1,500,000"
,Levine Toilolo,TE,ATL,"$1,500,000"
,Jason McCourty,DB,CLE,"$1,500,000"
,Lerentee McCray,LB,JAX,"$1,500,000"
,Jahleel Addae,S,LAC,"$1,500,000"
,Chris Hairston,OL,LAC,"$1,500,000"
,Alejandro Villanueva,OL,PIT,"$1,500,000"
,Duron Harmon,FS,NWE,"$1,500,000"
,Ryan Groy,OG,BUF,"$1,500,000"
,Robbie Gould,K,SFO,"$1,500,000"
,Jamize Olawale,FB,OAK,"$1,500,000"
,Benson Mayowa,DE,DAL,"$1,500,000"
,Menelik Watson,OT,DEN,"$1,500,000"
,Barkevious Mingo,OLB,IND,"$1,500,000"
,John Simon,DE,IND,"$1,500,000"
,Anthony Fasano,TE,MIA,"$1,500,000"
,Chris Conte,DB,TAM,"$1,500,000"
467,Danny Shelton,DT,CLE,"$1,498,970"
468,Jermon Bushrod,T,MIA,"$1,475,000"
469,Deone Bucannon,SS,ARI,"$1,471,255"
470,Jeff Heath,S,DAL,"$1,471,000"
471,Andrus Peat,OT,NOR,"$1,470,773"
472,Robert Golden,S,PIT,"$1,465,000"
473,Matt Bryant,K,ATL,"$1,450,000"
474,DeVante Parker,WR,MIA,"$1,423,776"
475,Melvin Gordon,RB,LAC,"$1,404,980"
476,Mike Remmers,T,MIN,"$1,400,000"
,Josh Kline,OL,TEN,"$1,400,000"
,Garry Gilliam,T,SFO,"$1,400,000"
,Jurrell Casey,DL,TEN,"$1,400,000"
,Alex Boone,T,ARI,"$1,400,000"
,Nate Allen,DB,MIA,"$1,400,000"
482,Ronnie Stanley,OT,BAL,"$1,381,106"
483,Greg Zuerlein,K,LAR,"$1,375,000"
484,Eddie Lacy,RB,SEA,"$1,365,000"
485,Teddy Bridgewater,QB,MIN,"$1,354,023"
486,Marcus Cannon,OL,NWE,"$1,350,000"
,Jordan Mills,OT,BUF,"$1,350,000"
,Michael Hoomanawanui,TE,NOR,"$1,350,000"
,Marshawn Lynch,RB,OAK,"$1,350,000"
,Eric Decker,WR,TEN,"$1,350,000"
,Erik Walden,DE,TEN,"$1,350,000"
,Nathan Stupar,OLB,NOR,"$1,350,000"
493,Kevin Johnson,CB,HOU,"$1,348,583"
494,Arik Armstead,DE,SFO,"$1,329,785"
495,Marcus Peters,CB,KAN,"$1,306,287"
496,T.J. Johnson,C,CIN,"$1,300,000"
,Nick Perry,DE,GNB,"$1,300,000"
,Sean Lee,LB,DAL,"$1,300,000"
,Patrick DiMarco,FB,BUF,"$1,300,000"
,Andre Roberts,WR,ATL,"$1,300,000"
,Johnson Bademosi,DB,NWE,"$1,300,000"
502,Devonta Freeman,RB,ATL,"$1,297,000"
,Morgan Moses,OT,WAS,"$1,297,000"
504,Travis Frederick,C,DAL,"$1,296,000"
505,Cameron Erving,OT,KAN,"$1,292,188"
506,Nelson Agholor,WR,PHI,"$1,287,489"
507,Cedric Ogbuehi,OT,CIN,"$1,282,789"
508,Ethan Westbrooks,DE,LAR,"$1,282,175"
509,DeForest Buckner,DE,SFO,"$1,276,863"
510,Tyron Smith,OT,DAL,"$1,275,000"
,Senio Kelemete,T,NOR,"$1,275,000"
512,Bud Dupree,DE,PIT,"$1,273,390"
513,Shane Ray,DE,DEN,"$1,263,991"
514,Tyler Bray,QB,KAN,"$1,252,500"
515,Joe Haden,DB,PIT,"$1,250,000"
,Karl Klug,DL,TEN,"$1,250,000"
,Akeem Spence,DT,DET,"$1,250,000"
,Kemal Ishmael,DB,ATL,"$1,250,000"
,Dont'a Hightower,ILB,NWE,"$1,250,000"
,Ben Watson,TE,BAL,"$1,250,000"
,Chris Maragos,DB,PHI,"$1,250,000"
,Kyle Wilber,OLB,DAL,"$1,250,000"
,Andre Smith,T,CIN,"$1,250,000"
,Michael Brockers,DT,LAR,"$1,250,000"
,Daren Bates,LB,TEN,"$1,250,000"
,Jack Crawford,DE,ATL,"$1,250,000"
,Brandon LaFell,WR,CIN,"$1,250,000"
,Danny Amendola,WR,NWE,"$1,250,000"
,Al Woods,DT,IND,"$1,250,000"
,Tyson Alualu,DT,PIT,"$1,250,000"
,Jason Pierre-Paul,DE,NYG,"$1,250,000"
,Aldrick Robinson,WR,SFO,"$1,250,000"
,Kendall Wright,WR,CHI,"$1,250,000"
,Donnie Jones,P,PHI,"$1,250,000"
535,D.J. Humphries,OT,ARI,"$1,245,192"
536,Cornelius Washington,DE,DET,"$1,237,500"
537,Shaq Thompson,OLB,CAR,"$1,235,793"
538,Breshad Perriman,WR,BAL,"$1,226,392"
539,Mason Foster,LB,WAS,"$1,225,000"
540,Byron Jones,CB,DAL,"$1,216,995"
541,Laken Tomlinson,OG,SFO,"$1,212,296"
542,Darrius Heyward-Bey,WR,PIT,"$1,200,000"
,Harry Douglas,WR,TEN,"$1,200,000"
,Ryan Allen,P,NWE,"$1,200,000"
,Dion Lewis,RB,NWE,"$1,200,000"
,Marcus Gilchrist,DB,HOU,"$1,200,000"
,Alfred Morris,RB,DAL,"$1,200,000"
548,Xavier Su'a-Filo,OG,HOU,"$1,177,036"
549,Phillip Dorsett,WR,NWE,"$1,174,583"
550,Jack Conklin,OT,TEN,"$1,172,621"
551,Demarcus Lawrence,DE,DAL,"$1,170,907"
552,Leonard Floyd,OLB,CHI,"$1,167,403"
553,Damarious Randall,FS,GNB,"$1,154,612"
554,Eric Wood,C,BUF,"$1,150,000"
,Jahri Evans,T,GNB,"$1,150,000"
,Linval Joseph,DT,MIN,"$1,150,000"
557,Eli Apple,CB,NYG,"$1,138,742"
558,Malcom Brown,DT,NWE,"$1,127,112"
559,Marqise Lee,WR,JAX,"$1,125,549"
560,Brad Wing,P,NYG,"$1,125,000"
561,Cody Davis,S,LAR,"$1,111,111"
562,Lamarcus Joyner,CB,LAR,"$1,105,934"
563,Craig Robertson,LB,NOR,"$1,105,000"
564,Demetrius Harris,TE,KAN,"$1,100,000"
,Russell Shepard,WR,CAR,"$1,100,000"
,Jonathan Stewart,RB,CAR,"$1,100,000"
,DeAngelo Hall,DB,WAS,"$1,100,000"
,Margus Hunt,DE,IND,"$1,100,000"
,Jacquizz Rodgers,RB,TAM,"$1,100,000"
,Tress Way,P,WAS,"$1,100,000"
,Anthony Sherman,RB,KAN,"$1,100,000"
,L.P. Ladouceur,LS,DAL,"$1,100,000"
,Tank Carradine,DE,SFO,"$1,100,000"
,David DeCastro,G,PIT,"$1,100,000"
575,Jordan Matthews,WR,BUF,"$1,094,900"
576,Vernon Hargreaves,CB,TAM,"$1,094,439"
577,Weston Richburg,C,NYG,"$1,085,093"
578,Eddie Pleasant,SS,HOU,"$1,078,000"
579,Kiko Alonso,ILB,MIA,"$1,075,000"
,Theo Riddick,RB,DET,"$1,075,000"
581,Josh Gordon,WR,CLE,"$1,068,406"
582,Paul Richardson,WR,SEA,"$1,062,659"
583,Marshall Newhouse,GT,OAK,"$1,050,000"
,DeShawn Shead,DB,SEA,"$1,050,000"
585,Sheldon Rankins,DT,NOR,"$1,031,893"
586,Bradley Roby,CB,DEN,"$1,018,072"
587,Timmy Jernigan,DT,PHI,"$1,017,284"
588,Laremy Tunsil,OT,MIA,"$1,016,257"
589,Stephone Anthony,ILB,MIA,"$1,004,015"
590,Charles Johnson,DE,CAR,"$1,000,000"
,Brock Coyle,LB,SFO,"$1,000,000"
,Lawrence Timmons,LB,MIA,"$1,000,000"
,Dekoda Watson,LB,SFO,"$1,000,000"
,Brian Winters,OG,NYJ,"$1,000,000"
,Matt Kalil,OT,CAR,"$1,000,000"
,Frostee Rucker,DE,ARI,"$1,000,000"
,Nick Foles,QB,PHI,"$1,000,000"
,Corey Graham,DB,PHI,"$1,000,000"
,Kelvin Benjamin,WR,2TM,"$1,000,000"
,Ross Cockrell,CB,NYG,"$1,000,000"
,Pat Sims,DT,CIN,"$1,000,000"
,Ryan Mallett,QB,BAL,"$1,000,000"
,Sherrick McManis,DB,CHI,"$1,000,000"
,Karlos Dansby,LB,ARI,"$1,000,000"
,Willie Young,DE,CHI,"$1,000,000"
,La'el Collins,OT,DAL,"$1,000,000"
,Daniel Kilgore,OL,SFO,"$1,000,000"
,Mike Adams,DB,CAR,"$1,000,000"
,Luke Willson,TE,SEA,"$1,000,000"
,Byron Bell,T,DAL,"$1,000,000"
,Eric Weems,WR,TEN,"$1,000,000"
,Tom Compton,T,CHI,"$1,000,000"
,David Harris,LB,NWE,"$1,000,000"
,Mario Addison,DE,CAR,"$1,000,000"
,Beau Brinkley,LSTE,TEN,"$1,000,000"
,Jeremy Maclin,WR,BAL,"$1,000,000"
,Lance Dunbar,RB,LAR,"$1,000,000"
,Kellen Clemens,QB,LAC,"$1,000,000"
,Terrance Williams,WR,DAL,"$1,000,000"
,Justin Durant,LB,DAL,"$1,000,000"
,Alshon Jeffery,WR,PHI,"$1,000,000"
,Breno Giacomini,G,HOU,"$1,000,000"
,Christian Jones,ILB,CHI,"$1,000,000"
,Stephon Tuitt,DT,PIT,"$1,000,000"
,Don Muhlbach,C,DET,"$1,000,000"
,Lee Smith,TE,OAK,"$1,000,000"
,Kamar Aiken,WR,IND,"$1,000,000"
,Mason Crosby,K,GNB,"$1,000,000"
,Danny Woodhead,RB,BAL,"$1,000,000"
,Chris Long,DE,PHI,"$1,000,000"
,Jon Ryan,P,SEA,"$1,000,000"
,Tramon Williams,DB,ARI,"$1,000,000"
,Derrick Johnson,LB,KAN,"$1,000,000"
,Zak DeOssie,LB,NYG,"$1,000,000"
,Tom Brady,QB,NWE,"$1,000,000"
,Adrian Peterson,RB,2TM,"$1,000,000"
,Kasim Edebali,OLB,2TM,"$1,000,000"
,Stephen Paea,DT,DAL,"$1,000,000"
,Tyvon Branch,DB,ARI,"$1,000,000"
,Julius Peppers,DE,CAR,"$1,000,000"
,Anthony Castonzo,OL,IND,"$1,000,000"
,Matthew Stafford,QB,DET,"$1,000,000"
,Darius Butler,DB,IND,"$1,000,000"
,Jack Doyle,TE,IND,"$1,000,000"
,Joe Berger,T,MIN,"$1,000,000"
,Andy Lee,P,ARI,"$1,000,000"
,Mitch Unrein,DT,CHI,"$1,000,000"
,Jonathan Cooper,OG,DAL,"$1,000,000"
,Ryan Schraeder,T,ATL,"$1,000,000"
,Jon Condo,LB,OAK,"$1,000,000"
,Nick Folk,K,TAM,"$1,000,000"
,Brandon Fusco,OL,SFO,"$1,000,000"
,Zach Kerr,NT,DEN,"$1,000,000"
,Nolan Carroll,DB,DAL,"$1,000,000"
,John Kuhn,FB,NOR,"$1,000,000"
,Ahmad Brooks,LB,GNB,"$1,000,000"
,Keenan Allen,WR,LAC,"$1,000,000"
658,Jeremiah Attaochu,OLB,LAC,"$993,150"
659,Landon Collins,SS,NYG,"$991,415"
660,Kyle Van Noy,OLB,NWE,"$990,741"
661,Karl Joseph,SS,OAK,"$990,196"
662,Darqueze Dennard,CB,CIN,"$988,032"
663,Donovan Smith,OT,TAM,"$986,715"
664,Mario Edwards,DE,OAK,"$982,015"
665,Corey Coleman,WR,CLE,"$979,773"
666,Rhett Ellison,FB,NYG,"$975,000"
,Ted Larsen,C,MIA,"$975,000"
,Don Carey,DB,DET,"$975,000"
,Kyle Nelson,TE,SFO,"$975,000"
670,T.J. Yeldon,RB,JAX,"$972,617"
671,Troy Niklas,TE,ARI,"$968,632"
672,Preston Smith,DE,WAS,"$960,395"
673,Dee Ford,DE,KAN,"$957,704"
674,Davante Adams,WR,GNB,"$956,373"
675,Eddie Goldman,DT,CHI,"$951,938"
676,Case Keenum,QB,MIN,"$950,000"
,Derek Carrier,WR,LAR,"$950,000"
,Jayrone Elliott,LB,DAL,"$950,000"
,Reshad Jones,DB,MIA,"$950,000"
680,Taylor Decker,OT,DET,"$948,499"
681,T.J. McDonald,FS,MIA,"$944,445"
682,Keanu Neal,FS,ATL,"$938,075"
683,Austin Seferian-Jenkins,TE,NYJ,"$936,690"
684,Alex Okafor,DE,NOR,"$935,000"
685,Cody Latimer,WR,DEN,"$925,725"
686,Ryan Kelly,C,IND,"$925,045"
687,John Jerry,G,NYG,"$925,000"
688,Benardrick McKinney,ILB,HOU,"$920,921"
689,Shaq Lawson,DE,BUF,"$917,226"
690,Darron Lee,OLB,NYJ,"$914,620"
691,Hau'oli Kikaha,OLB,NOR,"$913,755"
692,Will Fuller,WR,HOU,"$912,014"
693,Antonio Brown,WR,PIT,"$910,000"
694,Jack Mewhort,OT,IND,"$907,337"
695,Josh Doctson,WR,WAS,"$906,802"
696,Eric Kendricks,ILB,MIN,"$903,720"
697,Laquon Treadwell,WR,MIN,"$901,590"
698,Rey Maualuga,LB,MIA,"$900,000"
,Eric Berry,DB,KAN,"$900,000"
,Mike Tolbert,RB,BUF,"$900,000"
,Anthony Levine,S,BAL,"$900,000"
,Captain Munnerlyn,DB,CAR,"$900,000"
,Ramon Humber,LB,BUF,"$900,000"
,Kendall Langford,DE,HOU,"$900,000"
,Tavon Wilson,FS,DET,"$900,000"
,Joe Webb,WR,BUF,"$900,000"
,LeGarrette Blount,RB,PHI,"$900,000"
,Morgan Cox,C,BAL,"$900,000"
,Demario Davis,OLB,NYJ,"$900,000"
,Phillip Supernaw,TE,TEN,"$900,000"
,Tramaine Brock,DB,MIN,"$900,000"
,Sam Young,T,MIA,"$900,000"
,Connor Barth,K,CHI,"$900,000"
,Jon Weeks,C,HOU,"$900,000"
,Nick Sundberg,C,WAS,"$900,000"
,Frank Zombo,LB,KAN,"$900,000"
,Alterraun Verner,DB,MIA,"$900,000"
,Garrison Sanborn,C,TAM,"$900,000"
,Latavius Murray,RB,MIN,"$900,000"
,J.J. Jansen,C,CAR,"$900,000"
,Brett Goode,LB,GNB,"$900,000"
,Chandler Catanzaro,K,NYJ,"$900,000"
,Martellus Bennett,TE,2TM,"$900,000"
,Lamarr Houston,DT,2TM,"$900,000"
,Jamaal Charles,RB,DEN,"$900,000"
,Lawrence Guy,DT,NWE,"$900,000"
,John Sullivan,C,LAR,"$900,000"
,Matt Slater,WR,NWE,"$900,000"
,Evander Hood,DT,WAS,"$900,000"
,Brandon Tate,WR,BUF,"$900,000"
,Roy Miller,DT,KAN,"$900,000"
,Blaine Gabbert,QB,ARI,"$900,000"
,Glover Quin,DB,DET,"$900,000"
,Colt Anderson,DB,BUF,"$900,000"
,Caleb Sturgis,K,PHI,"$900,000"
,Mike Windt,C,LAC,"$900,000"
,John Denney,DE-C,MIA,"$900,000"
,Chase Daniel,QB,NOR,"$900,000"
,Darren McFadden,RB,DAL,"$900,000"
,Lardarius Webb,DB,BAL,"$900,000"
741,Allen Robinson,WR,JAX,"$898,755"
742,Jarvis Landry,WR,MIA,"$893,852"
743,Justin Britt,OT,SEA,"$891,400"
744,William Jackson,CB,CIN,"$891,166"
745,Michael Floyd,WR,MIN,"$887,058"
746,Artie Burns,CB,PIT,"$885,954"
747,Darryl Tapp,DE,TAM,"$882,353"
748,Jeremy Hill,RB,CIN,"$881,855"
749,Paxton Lynch,QB,DEN,"$880,741"
750,Eric Rowe,CB,NWE,"$878,623"
751,Kenny Clark,DT,GNB,"$875,529"
752,Ryan Griffin,TE,HOU,"$875,000"
753,Jason Verrett,CB,LAC,"$860,000"
754,Fozzy Whittaker,RB,CAR,"$850,000"
,Manti Te'o,ILB,NOR,"$850,000"
,Colton Schmidt,P,BUF,"$850,000"
,LaRoy Reynolds,LB,ATL,"$850,000"
,Chris Banjo,S,NOR,"$850,000"
,Nate Palmer,LB,TEN,"$850,000"
,Vlad Ducasse,G,BUF,"$850,000"
,Matt Tobin,T,SEA,"$850,000"
762,Chris Johnson,RB,ARI,"$847,059"
763,Nate Orchard,OLB,CLE,"$841,028"
764,Robert Nkemdiche,DT,ARI,"$840,936"
765,Keith Tandy,S,TAM,"$840,000"
766,Devin Funchess,WR,CAR,"$836,900"
767,Mitch Morse,OT,KAN,"$834,826"
768,Denzel Perryman,ILB,LAC,"$831,724"
769,Vernon Butler,DT,CAR,"$831,660"
770,Jordan Phillips,DT,MIA,"$831,628"
771,Germain Ifedi,OT,SEA,"$825,687"
772,Nate Ebner,DB,NWE,"$825,000"
773,Carlos Hyde,RB,SFO,"$822,047"
774,Jimmy Garoppolo,QB,SFO,"$820,077"
775,Kony Ealy,DE,NYJ,"$803,660"
776,Maxx Williams,TE,BAL,"$803,431"
777,Ronald Darby,CB,PHI,"$800,426"
778,Michael Wilhoite,LB,SEA,"$800,000"
,Sealver Siliga,DT,TAM,"$800,000"
,Neiko Thorpe,DB,SEA,"$800,000"
,Lance Kendricks,TE,GNB,"$800,000"
,Bradley McDougald,FS,SEA,"$800,000"
,Shareece Wright,DB,BUF,"$800,000"
,LaAdrian Waddle,T,NWE,"$800,000"
,Joe Looney,G,DAL,"$800,000"
,Kevin Minter,ILB,CIN,"$800,000"
,James Develin,RB,NWE,"$800,000"
,Robert Turbin,RB,IND,"$800,000"
,Andre Holmes,WR,BUF,"$800,000"
,Chris Jones,P,DAL,"$800,000"
,Brice Butler,WR,DAL,"$800,000"
,Blair Walsh,K,SEA,"$800,000"
793,Trai Turner,OG,CAR,"$797,000"
794,Rob Havenstein,OT,LAR,"$795,911"
795,Ricky Jean-Francois,DT,2TM,"$794,118"
796,Billy Turner,OT,DEN,"$794,000"
797,Jaquiski Tartt,SS,SFO,"$792,910"
798,Markus Golden,OLB,ARI,"$791,212"
799,Ty Sambrailo,OT,ATL,"$784,633"
800,Brandin Cooks,WR,NWE,"$781,599"
801,Josh Harris,LS,ATL,"$780,000"
802,Ha Ha Clinton-Dix,FS,GNB,"$778,534"
803,Quinten Rollins,CB,GNB,"$775,233"
804,Quinton Dial,DE,GNB,"$775,001"
805,Austin Davis,QB,SEA,"$775,000"
,Josh Bynes,LB,ARI,"$775,000"
,Brandon Williams,TE,IND,"$775,000"
,Geno Smith,QB,NYG,"$775,000"
,Chris Carter,DL,WAS,"$775,000"
,Colin Jones,DB,CAR,"$775,000"
,Josh Bellamy,WR,CHI,"$775,000"
,Terence Garvin,LB,SEA,"$775,000"
,Brian Quick,WR,WAS,"$775,000"
,Jaron Brown,WR,ARI,"$775,000"
,Rashaan Melvin,CB,IND,"$775,000"
,Zach Ertz,TE,PHI,"$775,000"
,Coty Sensabaugh,CB,PIT,"$775,000"
,Julian Stanford,LB,NYJ,"$775,000"
,Brandon Williams,DT,BAL,"$775,000"
,A.Q. Shipley,C,ARI,"$775,000"
,John Jenkins,DT,CHI,"$775,000"
,Jimmy Smith,CB,BAL,"$775,000"
,Taiwan Jones,RB,BUF,"$775,000"
,Wes Horton,DE,CAR,"$775,000"
,Sam Acho,OLB,CHI,"$775,000"
,Randy Bullock,K,CIN,"$775,000"
,Dennis Kelly,OT,TEN,"$775,000"
,Bruce Carter,LB,NYJ,"$775,000"
,Cameron Heyward,DE,PIT,"$775,000"
,Amini Silatolu,T,CAR,"$775,000"
,Blidi Wreh-Wilson,CB,ATL,"$775,000"
,Brock Osweiler,QB,DEN,"$775,000"
,Jordan Todman,RB,HOU,"$775,000"
,Josh LeRibeus,G,NOR,"$775,000"
,Rafael Bush,S,NOR,"$775,000"
,Oday Aboushi,OT,SEA,"$775,000"
,Tyrunn Walker,DL,LAR,"$775,000"
,Andre Ellington,RB,2TM,"$775,000"
,Ryan Davis,DE,BUF,"$775,000"
,Darryl Morris,CB,NYG,"$775,000"
,J.T. Thomas,LB,NYG,"$775,000"
,Jake McQuaide,LS,LAR,"$775,000"
,Benny Cunningham,RB,CHI,"$775,000"
,Tony Bergstrom,OT,2TM,"$775,000"
,Courtney Upshaw,OLB,ATL,"$775,000"
,Robert McClain,DB,TAM,"$775,000"
,Kevin McDermott,LS,MIN,"$775,000"
,Brian Schwenke,C,TEN,"$775,000"
,EJ Manuel,QB,OAK,"$775,000"
,Stefen Wisniewski,OL,PHI,"$775,000"
,Ben Jacobs,LB,CAR,"$775,000"
,Nickell Robey-Coleman,CB,LAR,"$775,000"
,Sterling Moore,CB,NOR,"$775,000"
,Jeremy Kerley,WR,NYJ,"$775,000"
,Austin Pasztor,OL,ATL,"$775,000"
,Kai Forbath,K,MIN,"$775,000"
,Rodney McLeod,S,PHI,"$775,000"
,Arrelious Benn,WR,JAX,"$775,000"
,Junior Galette,DE,WAS,"$775,000"
,Patrick Omameh,G,JAX,"$775,000"
,Doug Baldwin,WR,SEA,"$775,000"
,Leonard Johnson,CB,BUF,"$775,000"
,Najee Goode,ILB,PHI,"$775,000"
,Bradley Sowell,T,CHI,"$775,000"
,Cedric Thornton,DT,BUF,"$775,000"
,MarQueis Gray,TE,MIA,"$775,000"
,Jarvis Jenkins,DL,KAN,"$775,000"
,Patrick Robinson,DB,PHI,"$775,000"
,Aaron Brewer,LS,ARI,"$775,000"
,Justin Hunter,WR,PIT,"$775,000"
,Brandon Bolden,RB,NWE,"$775,000"
,Matt Overton,LS,JAX,"$775,000"
,Ryan Quigley,P,MIN,"$775,000"
,Kyle Love,DT,CAR,"$775,000"
,Damion Square,DE,LAC,"$775,000"
,David Bakhtiari,OT,GNB,"$775,000"
,Logan Paulsen,TE,SFO,"$775,000"
878,Frank Clark,DE,SEA,"$774,294"
879,Jordan Richards,SS,NWE,"$772,413"
880,Jake Fisher,OT,CIN,"$772,229"
881,Charles Sims,RB,TAM,"$764,000"
882,Chance Warmack,OG,PHI,"$760,000"
883,Emmanuel Ogbah,DE,CLE,"$750,438"
884,Branden Oliver,RB,LAC,"$750,000"
,Josh Mauro,DE,ARI,"$750,000"
886,Kevin Dodd,DE,TEN,"$747,832"
887,Jaylon Smith,OLB,DAL,"$745,226"
888,Hunter Henry,TE,LAC,"$740,014"
889,Myles Jack,OLB,JAX,"$737,929"
890,Sean Mannion,QB,LAR,"$730,037"
891,Steven Johnson,LB,2TM,"$729,412"
,Jeff Locke,P,DET,"$729,412"
,Asa Jackson,CB,SFO,"$729,412"
,Nick Bellore,LB,DET,"$729,412"
,Sean Spence,LB,2TM,"$729,412"
896,Jelani Jenkins,OLB,HOU,"$729,411"
897,Xavien Howard,CB,MIA,"$728,547"
898,Jay Bromley,DT,NYG,"$725,000"
899,Noah Spence,DE,TAM,"$724,377"
900,A.J. Cann,OG,JAX,"$721,000"
901,Sterling Shepard,WR,NYG,"$720,208"
902,Reggie Ragland,ILB,KAN,"$715,517"
903,Kamalei Correa,OLB,BAL,"$711,347"
904,Clive Walford,TE,OAK,"$710,646"
905,Kareem Martin,DE,ARI,"$710,000"
906,Chris Jones,DT,KAN,"$708,238"
907,Austin Johnson,DT,TEN,"$707,374"
908,Leon Hall,DB,SFO,"$705,882"
909,Terrence Brooks,FS,NYJ,"$705,000"
910,Ali Marpet,C,TAM,"$703,054"
911,Jihad Ward,DE,OAK,"$701,809"
912,Jerick McKinnon,RB,MIN,"$700,000"
,Tre Boston,FS,LAC,"$700,000"
,Charcandrick West,RB,KAN,"$700,000"
,Logan Thomas,TE,BUF,"$700,000"
,Darren Fells,TE,DET,"$700,000"
,James Hurst,OT,BAL,"$700,000"
,Phillip Gaines,CB,KAN,"$700,000"
,Michael Campanaro,WR,BAL,"$700,000"
,Jonotthan Harrison,C,NYJ,"$700,000"
921,Derrick Henry,RB,TEN,"$695,815"
922,Tyler Lockett,WR,SEA,"$695,000"
923,Alfred Blue,RB,HOU,"$690,000"
,Derrick Coleman,RB,ATL,"$690,000"
,Steven Terrell,DB,KAN,"$690,000"
,Tyler Shatley,OG,JAX,"$690,000"
,Tommy Bohanon,FB,JAX,"$690,000"
,Antone Exum,CB,SFO,"$690,000"
,Pierre Desir,CB,IND,"$690,000"
,Nick Williams,WR,ATL,"$690,000"
,Mike Pennel,DT,NYJ,"$690,000"
,Ty Nsekhe,T,WAS,"$690,000"
,Terrance Mitchell,CB,KAN,"$690,000"
,Chris Smith,DE,CIN,"$690,000"
,Kenneth Acker,CB,KAN,"$690,000"
,De'Anthony Thomas,RB,KAN,"$690,000"
,Tom Savage,QB,HOU,"$690,000"
,Daniel Sorensen,S,KAN,"$690,000"
,Ryan Grant,WR,WAS,"$690,000"
,Laurent Duvernay-Tardif,OT,KAN,"$690,000"
,Marcus Burley,CB,HOU,"$690,000"
,Daniel McCullers,DT,PIT,"$690,000"
,Marquis Flowers,OLB,NWE,"$690,000"
,Beau Allen,DT,PHI,"$690,000"
,Marcus Smith,DE,SEA,"$690,000"
,Walt Aikens,CB,MIA,"$690,000"
,Bruce Ellington,WR,HOU,"$690,000"
,Jimmie Ward,SS,SFO,"$690,000"
,Corey Nelson,OLB,DEN,"$690,000"
,Nat Berhe,SS,NYG,"$690,000"
,Orleans Darkwa,RB,NYG,"$690,000"
,Brent Urban,DE,BAL,"$690,000"
,Dontae Johnson,FS,SFO,"$690,000"
,David King,DE,TEN,"$690,000"
,Andrew DePaola,LS,CHI,"$690,000"
,T.J. Jones,WR,DET,"$690,000"
,Jordan Tripp,OLB,ATL,"$690,000"
,Adarius Glanton,LB,TAM,"$690,000"
,Cameron Brate,TE,TAM,"$690,000"
,Jake Matthews,OT,ATL,"$690,000"
,Keith McGill,CB,OAK,"$690,000"
,Dakota Dozier,OT,NYJ,"$690,000"
,Sammy Watkins,WR,LAR,"$690,000"
,Will Clarke,DE,TAM,"$690,000"
,Pat O'Donnell,P,CHI,"$690,000"
,Jerel Worthy,DT,BUF,"$690,000"
,Ben Garland,DL,ATL,"$690,000"
,James White,RB,NWE,"$690,000"
,Jonathan Bostic,LB,IND,"$690,000"
,Mike Evans,WR,TAM,"$690,000"
,Khalil Mack,OLB,OAK,"$690,000"
,Kevin Pierre-Louis,OLB,KAN,"$690,000"
,Jadeveon Clowney,DE,HOU,"$690,000"
,Kenny Wiggins,T,LAC,"$690,000"
,Luke Bowanko,C,BAL,"$690,000"
,Dustin Hopkins,K,WAS,"$690,000"
,Keith Smith,LB,DAL,"$690,000"
,Brandon Dunn,DT,HOU,"$690,000"
,Jay Prosch,FB,HOU,"$690,000"
,A.J. McCarron,QB,CIN,"$690,000"
,Terrence Fede,DE,MIA,"$690,000"
,Jaylen Watkins,CB,PHI,"$690,000"
,Adrian Phillips,DB,LAC,"$690,000"
,Joe Banyard,RB,BUF,"$690,000"
,Cody Parkey,K,MIA,"$690,000"
,Brittan Golden,WR,ARI,"$690,000"
,Steven Means,DE,PHI,"$690,000"
,Dewey McDonald,S,SEA,"$690,000"
,Peyton Thompson,CB,JAX,"$690,000"
,Jeff Janis,WR,GNB,"$690,000"
,Jeremiah Sirles,OT,MIN,"$690,000"
,Kerwynn Williams,RB,ARI,"$690,000"
,Bene Benwikere,CB,DAL,"$690,000"
,Cassius Marsh,DE,2TM,"$690,000"
995,Nick Novak,K,LAC,"$688,235"
,John Hughes,DT,NOR,"$688,235"
,John Greco,T,NYG,"$688,235"
998,A'Shawn Robinson,DT,DET,"$687,892"
999,Ameer Abdullah,RB,DET,"$687,830"
1000,Hroniss Grasu,C,CHI,"$687,500"
1001,Jamon Brown,OT,LAR,"$686,686"
1002,George Johnson,DE,2TM,"$683,824"
,Johnthan Banks,CB,HOU,"$683,824"
,Robert Blanton,CB,BUF,"$683,824"
,David Bass,DE,2TM,"$683,824"
1006,Damontre Moore,DE,DAL,"$683,823"
1007,Michael Thomas,WR,NOR,"$682,681"
1008,Tevin Coleman,RB,ATL,"$680,000"
1009,Jason Spriggs,OT,GNB,"$677,468"
1010,Jarran Reed,DT,SEA,"$672,256"
1011,Nick Martin,C,HOU,"$667,044"
1012,Deion Jones,OLB,ATL,"$656,620"
1013,David Amerson,CB,OAK,"$650,000"
1014,Cornelius Lucas,T,LAR,"$649,412"
1015,Jordan Devey,T,KAN,"$649,408"
1016,Mackensie Alexander,CB,MIN,"$646,196"
1017,Jaelen Strong,WR,2TM,"$644,705"
1018,Tyler Boyd,WR,CIN,"$643,589"
1019,Duke Johnson,RB,CLE,"$642,500"
1020,Cody Whitehair,OG,CHI,"$642,026"
1021,P.J. Williams,CB,NOR,"$640,000"
1022,T.J. Green,FS,IND,"$639,420"
1023,Tim Lelito,G,DET,"$638,235"
1024,Danielle Hunter,DE,MIN,"$636,000"
1025,Sean Davis,FS,PIT,"$635,771"
1026,Justin Drescher,C,ARI,"$635,292"
1027,Chris Conley,WR,KAN,"$635,000"
1028,Eli Harold,OLB,SFO,"$634,000"
1029,Jordan Hicks,OLB,PHI,"$633,000"
1030,Carl Davis,DT,BAL,"$630,750"
1031,Vonn Bell,SS,NOR,"$630,559"
1032,Chaz Green,OT,DAL,"$630,375"
1033,James Bradberry,CB,CAR,"$630,038"
1034,Henry Anderson,DE,IND,"$629,500"
1035,Adam Gotsis,DT,DEN,"$628,996"
1036,Tyler Kroft,TE,CIN,"$628,000"
1037,Ty Montgomery,WR/RB,GNB,"$625,000"
1038,Kevin Byard,S,TEN,"$618,566"
1039,Steven Nelson,CB,KAN,"$618,500"
1040,Carl Nassib,DE,CLE,"$618,110"
1041,Max Garcia,C,DEN,"$615,000"
,Matt Paradis,C,DEN,"$615,000"
,Jon Feliciano,OG,OAK,"$615,000"
,Thomas Rawls,RB,SEA,"$615,000"
,Amari Cooper,WR,OAK,"$615,000"
,Trey Flowers,DE,NWE,"$615,000"
,Sean McGrath,TE,LAC,"$615,000"
,Xavier Williams,DT,ARI,"$615,000"
,Trent Brown,OT,SFO,"$615,000"
,John Miller,OG,BUF,"$615,000"
,Rodney Gunter,DT,ARI,"$615,000"
,Josh Wells,T,JAX,"$615,000"
,T.J. Clemmings,OT,WAS,"$615,000"
,Seth Roberts,WR,OAK,"$615,000"
,Geremy Davis,WR,LAC,"$615,000"
,Darrell Williams,T,LAR,"$615,000"
,Jason Myers,K,JAX,"$615,000"
,Andrew Donnal,OT,BAL,"$615,000"
,Za'Darius Smith,DE,BAL,"$615,000"
,Quinton Dunbar,WR,WAS,"$615,000"
,Marcus Mariota,QB,TEN,"$615,000"
,Jalston Fowler,FB,TEN,"$615,000"
,Bradley Pinion,P,SFO,"$615,000"
,Jesse James,TE,PIT,"$615,000"
,Cameron Artis-Payne,RB,CAR,"$615,000"
,Ibraheim Campbell,SS,2TM,"$615,000"
,Quan Bray,WR,IND,"$615,000"
,Jay Ajayi,RB,2TM,"$615,000"
,Brett Jones,C,NYG,"$615,000"
,Denzelle Good,OT,IND,"$615,000"
,Jamison Crowder,WR,WAS,"$615,000"
,Aaron Ripkowski,FB,GNB,"$615,000"
,Jonathan Anderson,LB,CHI,"$615,000"
,Will Tye,TE,NYJ,"$615,000"
,Chris McCain,LB,LAC,"$615,000"
,Greg Van Roten,G,CAR,"$615,000"
,Anthony Harris,DB,MIN,"$615,000"
,Matt Longacre,DE,LAR,"$615,000"
,Bobby Hart,OG,NYG,"$615,000"
,JJ Nelson,WR,ARI,"$615,000"
,Jameis Winston,QB,TAM,"$615,000"
,Neal Sterling,WR,NYJ,"$615,000"
,Darryl Roberts,CB,NYJ,"$615,000"
,David Andrews,C,NWE,"$615,000"
,Ladarius Gunter,CB,2TM,"$615,000"
,C.J. Uzomah,TE,CIN,"$615,000"
,Kevin White,WR,CHI,"$615,000"
,Chris Boswell,K,PIT,"$615,000"
,Raheem Mostert,RB,SFO,"$615,000"
,Daryl Williams,OT,CAR,"$615,000"
,A.J. Derby,TE,2TM,"$615,000"
,Kendall Lamm,T,HOU,"$615,000"
,Adrian Amos,FS,CHI,"$615,000"
,Grady Jarrett,DT,ATL,"$615,000"
,Nick O'Leary,TE,BUF,"$615,000"
,Justin Hardy,WR,ATL,"$615,000"
,Brent Qvale,T,NYJ,"$615,000"
,Mike Hull,ILB,MIA,"$615,000"
,Christian Covington,DT,HOU,"$615,000"
,James O'Shaughnessy,TE,JAX,"$615,000"
,Brandon Coleman,WR,NOR,"$615,000"
,Shelby Harris,DE,DEN,"$615,000"
,Leonard Williams,DT,NYJ,"$615,000"
,Brett Hundley,QB,GNB,"$615,000"
,Joe Thomas,LB,GNB,"$615,000"
,Kwon Alexander,OLB,TAM,"$615,000"
,T.Y. McGill,DT,CLE,"$615,000"
,Tyrell Williams,WR,LAC,"$615,000"
,Quinton Spain,OG,TEN,"$615,000"
,Greg Mancz,C,HOU,"$615,000"
,Nick Easton,C,MIN,"$615,000"
,Darius Philon,DT,LAC,"$615,000"
,Michael Burton,FB,CHI,"$615,000"
,Justin Coleman,CB,SEA,"$615,000"
,Deshazor Everett,CB,WAS,"$615,000"
,Damien Wilson,ILB,DAL,"$615,000"
,Brian Peters,LB,HOU,"$615,000"
,Bennie Fowler,WR,DEN,"$615,000"
,Jamie Meder,DT,CLE,"$615,000"
,Martavis Bryant,WR,PIT,"$615,000"
,Sammie Coates,WR,CLE,"$615,000"
,David Mayo,ILB,CAR,"$615,000"
,Clayton Geathers,SS,IND,"$615,000"
,Tyler Patmon,CB,JAX,"$615,000"
,Javorius Allen,RB,BAL,"$615,000"
,Ramik Wilson,ILB,KAN,"$615,000"
,Bobby McCain,CB,MIA,"$615,000"
,Nick Boyle,TE,BAL,"$615,000"
,Mark Glowinski,OG,SEA,"$615,000"
,Shaquil Barrett,OLB,DEN,"$615,000"
,Stefon Diggs,WR,MIN,"$615,000"
,Brandon Scherff,G,WAS,"$615,000"
,Blake Bell,TE,MIN,"$615,000"
,Martrell Spaight,OLB,WAS,"$615,000"
,Ricardo Allen,CB,ATL,"$615,000"
,Roosevelt Nix,LB,PIT,"$615,000"
,Trevor Siemian,QB,DEN,"$615,000"
,Tyeler Davison,DT,NOR,"$615,000"
,Brandon King,DB,NWE,"$615,000"
,Daniel Brown,WR,CHI,"$615,000"
,Bryce Hager,ILB,LAR,"$615,000"
,Kyle Emanuel,OLB,LAC,"$615,000"
,Dexter McDonald,CB,OAK,"$615,000"
,Vic Beasley,OLB,ATL,"$615,000"
,Lorenzo Doss,CB,DEN,"$615,000"
,Willie Snead,WR,NOR,"$615,000"
,Corey Grant,RB,JAX,"$615,000"
,Dion Jordan,DE,SEA,"$615,000"
,Rakeem Nunez-Roches,DT,KAN,"$615,000"
,Jake Ryan,OLB,GNB,"$615,000"
,K'Waun Williams,DB,SFO,"$615,000"
,Quandre Diggs,CB,DET,"$615,000"
,Rod Smith,RB,DAL,"$615,000"
,D.J. Alexander,OLB,SEA,"$615,000"
,Leterrius Walton,DT,PIT,"$615,000"
,Anthony Steen,OG,MIA,"$615,000"
,Khari Lee,TE,BUF,"$615,000"
,Zach Zenner,RB,DET,"$615,000"
,Hayes Pullard,ILB,LAC,"$615,000"
,David Johnson,RB,ARI,"$615,000"
,Joe Cardona,LS,NWE,"$615,000"
,Terron Ward,RB,ATL,"$615,000"
,Kurtis Drummond,S,HOU,"$615,000"
,Anthony Chickillo,DE,PIT,"$615,000"
,Josh Shaw,CB,CIN,"$615,000"
,Jordan Berry,P,PIT,"$615,000"
,Ayodeji Olatoye,DB,2TM,"$615,000"
,Geoff Swaim,TE,DAL,"$615,000"
,Zac Kerin,C,DET,"$615,000"
,Bryce Callahan,CB,CHI,"$615,000"
,Jared Abbrederis,WR,DET,"$615,000"
,Charley Hughlett,LS,CLE,"$615,000"
,Josh Walker,G,JAX,"$615,000"
,Craig Mager,CB,LAC,"$615,000"
,Shaq Mason,C,NWE,"$615,000"
,Chris Matthews,WR,BAL,"$615,000"
,Corey Robinson,OT,DET,"$615,000"
,Tre McBride,WR,CHI,"$615,000"
,Jeremiah George,ILB,IND,"$615,000"
,Derron Smith,FS,2TM,"$615,000"
,Ryan Russell,DE,TAM,"$615,000"
,Adam Humphries,WR,TAM,"$615,000"
,Jeff Heuerman,TE,DEN,"$615,000"
,James Winchester,LS,KAN,"$615,000"
,Bryce Petty,QB,NYJ,"$615,000"
,Rontez Miles,FS,NYJ,"$615,000"
1187,Maliek Collins,DT,DAL,"$612,500"
1188,Deandre Coleman,DT,BUF,"$608,820"
1189,Yannick Ngakoue,OLB,JAX,"$605,041"
1190,Cody Kessler,QB,CLE,"$604,049"
1191,Bronson Kaufusi,DE,BAL,"$603,500"
1192,Jonathan Bullard,DE,CHI,"$599,000"
1193,Kenyan Drake,RB,MIA,"$595,000"
1194,Marcus Cromartie,CB,HOU,"$592,647"
,Earl Watford,OG,ARI,"$592,647"
,Shamarko Thomas,SS,BUF,"$592,647"
,Michael Person,OL,IND,"$592,647"
1198,Zach Line,FB,NOR,"$592,644"
,Stevan Ridley,RB,PIT,"$592,644"
1200,Dwight Freeney,DE,2TM,"$588,235"
1201,Darian Thompson,FS,NYG,"$585,000"
1202,Ahtyba Rubin,NT,2TM,"$582,353"
,Leger Douzable,DT,SFO,"$582,353"
1204,C.J. Spiller,RB,KAN,"$582,253"
1205,Jacoby Brissett,QB,IND,"$580,038"
1206,Akeem Hunt,RB,KAN,"$578,824"
1207,Isaac Seumalo,OG,PHI,"$574,000"
1208,KeiVarae Russell,CB,CIN,"$570,000"
1209,Kenjon Barner,RB,PHI,"$568,235"
1210,Shon Coleman,OT,CLE,"$568,000"
1211,C.J. Prosise,RB,SEA,"$565,000"
1212,Brandon Williams,CB,ARI,"$563,500"
1213,Le'Raven Clark,OT,IND,"$563,000"
1214,Nick Vannett,TE,SEA,"$562,000"
1215,Jordan Jenkins,OLB,NYJ,"$560,000"
,Leonte Carroo,WR,MIA,"$560,000"
,Daryl Worley,CB,CAR,"$560,000"
,Kyler Fackrell,OLB,GNB,"$560,000"
,Javon Hargrave,DT,PIT,"$560,000"
1220,Graham Glasgow,OG,DET,"$558,500"
1221,Kendall Fuller,CB,WAS,"$557,500"
,Braxton Miller,WR,HOU,"$557,500"
1223,Rees Odhiambo,OG,SEA,"$553,000"
1224,Gerald Hodges,OLB,NOR,"$547,059"
1225,Bobby Rainey,RB,BAL,"$547,056"
1226,Troy Hill,CB,LAR,"$542,647"
,Matt Jones,RB,IND,"$542,647"
,L.J. Fort,LB,PIT,"$542,647"
,John Timu,ILB,CHI,"$542,647"
,David Parry,NT,NOR,"$542,647"
,Nick Dzubnar,LB,LAC,"$542,647"
,Geneo Grissom,OLB,NWE,"$542,647"
1233,Joe Vellano,DT,ATL,"$542,640"
1234,Tyreek Hill,WR,KAN,"$540,000"
,Javien Elliott,CB,TAM,"$540,000"
,Joey Bosa,DE,LAC,"$540,000"
,Johnny Holton,WR,OAK,"$540,000"
,Miles Killebrew,SS,DET,"$540,000"
,Riley Dixon,P,DEN,"$540,000"
,Senorise Perry,RB,MIA,"$540,000"
,Matthew Ioannidis,DT,WAS,"$540,000"
,Darius Latham,DT,OAK,"$540,000"
,Kaelin Clay,WR,2TM,"$540,000"
,Elandon Roberts,ILB,NWE,"$540,000"
,Christopher Milton,CB,IND,"$540,000"
,Drew Kaser,P,LAC,"$540,000"
,Justin Simmons,FS,DEN,"$540,000"
,Romeo Okwara,DE,NYG,"$540,000"
,Wendell Smallwood,RB,PHI,"$540,000"
,Austin Hooper,TE,ATL,"$540,000"
,Rick Lovato,LS,PHI,"$540,000"
,Cody Core,WR,CIN,"$540,000"
,Ben Koyack,TE,JAX,"$540,000"
,Adolphus Washington,DT,BUF,"$540,000"
,Rashawn Scott,WR,MIA,"$540,000"
,Jarrod Wilson,S,JAX,"$540,000"
,Brandon Shell,OT,NYJ,"$540,000"
,Bryan Witzmann,T,KAN,"$540,000"
,Lac Edwards,P,NYJ,"$540,000"
,Chester Rogers,WR,IND,"$540,000"
,Michael Palardy,P,CAR,"$540,000"
,Matthias Farley,DB,IND,"$540,000"
,Dan Vitale,FB,CLE,"$540,000"
,Tanner McEvoy,WR,SEA,"$540,000"
,Xavier Grimble,TE,PIT,"$540,000"
,Robert Kelley,RB,WAS,"$540,000"
,David Onyemata,DT,NOR,"$540,000"
,Charles Tapper,DE,DAL,"$540,000"
,Jordan Howard,RB,CHI,"$540,000"
,Clayton Fejedelem,FS,CIN,"$540,000"
,Jake Brendel,C,MIA,"$540,000"
,Charone Peake,WR,NYJ,"$540,000"
,Connor McGovern,OG,DEN,"$540,000"
,Joe Schobert,OLB,CLE,"$540,000"
,Spencer Drango,OG,CLE,"$540,000"
,Anthony Brown,CB,DAL,"$540,000"
,Chris Manhertz,TE,CAR,"$540,000"
,Joe Thuney,OG,NWE,"$540,000"
,Ted Karras,OG,NWE,"$540,000"
,Evan Boehm,C,ARI,"$540,000"
,Tyler Ott,LS,SEA,"$540,000"
,Will Parks,S,DEN,"$540,000"
,Ricardo Louis,WR,CLE,"$540,000"
,Tye Smith,CB,TEN,"$540,000"
,Jeremy Cash,SS,CAR,"$540,000"
,Austin Reiter,C,CLE,"$540,000"
,J.D. McKissic,WR,SEA,"$540,000"
,Wes Schweitzer,OT,ATL,"$540,000"
,Caleb Benenoch,OT,TAM,"$540,000"
,Hassan Ridgeway,DT,IND,"$540,000"
,Joe Dahl,OG,DET,"$540,000"
,Olsen Pierre,DT,ARI,"$540,000"
,LeShaun Sims,CB,TEN,"$540,000"
,Alex Erickson,WR,CIN,"$540,000"
,David Morgan,TE,MIN,"$540,000"
,Sheldon Day,DT,2TM,"$540,000"
,De'Vondre Campbell,OLB,ATL,"$540,000"
,C.J. Goodwin,WR,2TM,"$540,000"
,Jakeem Grant,WR,MIA,"$540,000"
,Dwayne Washington,RB,DET,"$540,000"
,Michael Bennett,DT,JAX,"$540,000"
,Willie Henry,DT,BAL,"$540,000"
,Kavon Frazier,FS,DAL,"$540,000"
,Brian Mihalik,DE,DET,"$540,000"
,Stephen Weatherly,OLB,MIN,"$540,000"
,Cre'von LeBlanc,DB,CHI,"$540,000"
,Patrick Onwuasor,LB,BAL,"$540,000"
,Tyrone Holmes,OLB,CLE,"$540,000"
,Randall Telfer,TE,CLE,"$540,000"
,Jerell Adams,TE,NYG,"$540,000"
,Kalan Reed,CB,TEN,"$540,000"
,Joel Heath,DT,HOU,"$540,000"
,Kentrell Brothers,ILB,MIN,"$540,000"
,Jalen Richard,RB,OAK,"$540,000"
,Tyler Larsen,C,CAR,"$540,000"
,Zaire Anderson,LB,DEN,"$540,000"
,Jalen Mills,CB,PHI,"$540,000"
,Kamu Grugier-Hill,OLB,PHI,"$540,000"
,Ufomba Kamalu,DE,HOU,"$540,000"
,Christian Westerman,OG,CIN,"$540,000"
,Peyton Barber,RB,TAM,"$540,000"
,D.J. Reader,DT,HOU,"$540,000"
,Pharoh Cooper,WR,LAR,"$540,000"
,David Fluellen,RB,TEN,"$540,000"
,Ken Crawley,DB,NOR,"$540,000"
,Derek Watt,FB,LAC,"$540,000"
,Michael Pierce,DT,BAL,"$540,000"
,Cory James,OLB,OAK,"$540,000"
,Jayron Kearse,SS,MIN,"$540,000"
,John Wetzel,T,ARI,"$540,000"
,Brian Price,DT,DAL,"$540,000"
,Jordan Taylor,WR,DEN,"$540,000"
,Erik Harris,DB,OAK,"$540,000"
,Jonathan Jones,DB,NWE,"$540,000"
,DeAndre Washington,RB,OAK,"$540,000"
,Eric Tomlinson,TE,NYJ,"$540,000"
,Mike Jordan,DB,CLE,"$540,000"
,Lafayette Pitts,CB,2TM,"$540,000"
,Tyler Matakevich,ILB,PIT,"$540,000"
,Rashod Hill,T,MIN,"$540,000"
,Xavier Woodson-Luster,LB,OAK,"$540,000"
,Brian Poole,S,ATL,"$540,000"
,Kyle Murphy,OT,GNB,"$540,000"
,Ryan Smith,CB,TAM,"$540,000"
,Dominique Alexander,LB,CLE,"$540,000"
,Sharrod Neasman,S,ATL,"$540,000"
,Nick Kwiatkoski,ILB,CHI,"$540,000"
,Stephen Anderson,TE,HOU,"$540,000"
,Matt Judon,DE,BAL,"$540,000"
,Briean Boddy-Calhoun,DB,CLE,"$540,000"
,Juston Burris,CB,NYJ,"$540,000"
,Rashard Robinson,CB,2TM,"$540,000"
,Corey Moore,S,HOU,"$540,000"
,Antonio Hamilton,CB,OAK,"$540,000"
,Tommylee Lewis,WR,NOR,"$540,000"
,Anthony Zettel,DE,DET,"$540,000"
,Spencer Pulley,C,LAC,"$540,000"
,Josh Ferguson,RB,IND,"$540,000"
,Tyrell Adams,LB,OAK,"$540,000"
,Eric Murray,CB,KAN,"$540,000"
,Kentrell Brice,S,GNB,"$540,000"
,Vadal Alexander,OG,OAK,"$540,000"
,Marqui Christian,SS,LAR,"$540,000"
,Tyler Higbee,TE,LAR,"$540,000"
,Halapoulivaati Vaitai,OT,PHI,"$540,000"
,Cory Littleton,LB,LAR,"$540,000"
,Dean Lowry,DE,GNB,"$540,000"
,B.J. Goodson,OLB,NYG,"$540,000"
,Blake Countess,CB,LAR,"$540,000"
,Casey Kreiter,LS,DEN,"$540,000"
,Josh Hawkins,CB,GNB,"$540,000"
,Robert Thomas,NT,NYG,"$540,000"
,Jatavis Brown,OLB,LAC,"$540,000"
,Parker Ehinger,OG,KAN,"$540,000"
,Andy Janovich,FB,DEN,"$540,000"
,Demarcus Robinson,WR,KAN,"$540,000"
,Devontae Booker,RB,DEN,"$540,000"
,Tyler Ervin,RB,HOU,"$540,000"
,Antonio Morrison,ILB,IND,"$540,000"
,Kameron Canaday,LS,PIT,"$540,000"
,Jeremy Vujnovich,T,IND,"$540,000"
,Brennan Scarlett,LB,HOU,"$540,000"
,Kevon Seymour,CB,CAR,"$540,000"
,Anthony Lanier,DE,WAS,"$540,000"
,Malcolm Brown,RB,LAR,"$540,000"
,Blake Martinez,ILB,GNB,"$540,000"
,Ross Travis,TE,2TM,"$540,000"
,Austin Blythe,C,LAR,"$540,000"
,Chris Moore,WR,BAL,"$540,000"
,Trevor Davis,WR,GNB,"$540,000"
,Roger Lewis,WR,NYG,"$540,000"
,Marwin Evans,S,GNB,"$540,000"
,Damiere Byrd,WR,CAR,"$540,000"
,Derrick Kindred,SS,CLE,"$540,000"
,Terrance Smith,LB,KAN,"$540,000"
,Jared Norris,ILB,CAR,"$540,000"
,Joe Haeg,OT,IND,"$540,000"
,Leonard Wester,T,TAM,"$540,000"
,Kevin Hogan,QB,CLE,"$540,000"
,Deon Bush,FS,CHI,"$540,000"
,Dak Prescott,QB,DAL,"$540,000"
,Vince Mayle,WR,BAL,"$540,000"
,Destiny Vaeao,DT,PHI,"$540,000"
,Dexter McCoil,S,2TM,"$540,000"
,Nick Vigil,ILB,CIN,"$540,000"
,Jake Rudock,QB,DET,"$540,000"
,De'Vante Harris,DB,NOR,"$540,000"
,Seth Devalve,TE,CLE,"$540,000"
,B.J. Finney,C,PIT,"$540,000"
,Alan Cross,TE,TAM,"$540,000"
,Morgan Fox,DL,LAR,"$540,000"
,Curtis Riley,CB,TEN,"$540,000"
,Eli Rogers,WR,PIT,"$540,000"
,Andrew Adams,FS,NYG,"$540,000"
,Wil Lutz,K,NOR,"$540,000"
,James Cowser,LB,OAK,"$540,000"
,Trevor Williams,CB,LAC,"$540,000"
,Paul Perkins,RB,NYG,"$540,000"
,Luke Rhodes,LB,IND,"$540,000"
,Mack Brown,RB,2TM,"$540,000"
,Robby Anderson,WR,NYJ,"$540,000"
1422,Ed Stinson,DE,NYJ,"$527,647"
1423,Andre Williams,RB,LAC,"$527,644"
1424,Freddie Bishop,DE,NYJ,"$508,240"
1425,Geronimo Allison,WR,GNB,"$508,235"
,D.J. Foster,RB,ARI,"$508,235"
,Kyle Peko,DT,DEN,"$508,235"
,Emmett Cleary,T,DET,"$508,235"
,Alex Collins,RB,BAL,"$508,235"
1430,Rashard Higgins,WR,CLE,"$508,224"
1431,Ulrick John,OT,GNB,"$506,471"
,Mark Nzeocha,OLB,SFO,"$506,471"
1433,Deontae Skinner,LB,NYG,"$506,464"
1434,Bryce Harris,T,NOR,"$501,471"
,Andrew Gachkar,OLB,CAR,"$501,471"
,Deonte Thompson,WR,2TM,"$501,471"
,Michael Mauti,OLB,NOR,"$501,471"
1438,Griff Whalen,WR,BAL,"$501,468"
1439,Tavarres King,WR,NYG,"$487,059"
,Demetrius McCray,CB,OAK,"$487,059"
1441,Seantrel Henderson,OT,BUF,"$487,058"
1442,Garrison Smith,DT,SEA,"$476,471"
,Arthur Jones,DT,WAS,"$476,471"
,Brian Hoyer,QB,2TM,"$476,471"
,DeAndre Houston-Carson,FS,CHI,"$476,471"
1446,Eric Winston,T,CIN,"$470,588"
1447,Ben Heeney,ILB,HOU,"$470,294"
,Obum Gwacham,DE,NYJ,"$470,294"
,David Irving,DE,DAL,"$470,294"
,Tenny Palepoi,DT,LAC,"$470,294"
1451,Dezmen Southward,SS,CAR,"$470,288"
1452,Chris Wormley,DT,BAL,"$465,000"
,Justin Evans,SS,TAM,"$465,000"
,Christian McCaffrey,RB,CAR,"$465,000"
,Zach Banner,OG,CLE,"$465,000"
,O.J. Howard,TE,TAM,"$465,000"
,Montravius Adams,DT,GNB,"$465,000"
,Tarell Basham,DE,IND,"$465,000"
,Jehu Chesson,WR,KAN,"$465,000"
,Torry McTyer,CB,MIA,"$465,000"
,Trae Elston,DB,2TM,"$465,000"
,Marcus Maye,FS,NYJ,"$465,000"
,Kenny Moore,CB,IND,"$465,000"
,C.J. Ham,RB,MIN,"$465,000"
,Dion Dawkins,OG,BUF,"$465,000"
,Kendrick Bourne,WR,SFO,"$465,000"
,Giorgio Tavecchio,K,OAK,"$465,000"
,Taylor Moton,OT,CAR,"$465,000"
,Desmond King,FS,LAC,"$465,000"
,Jonnu Smith,TE,TEN,"$465,000"
,Haason Reddick,OLB,ARI,"$465,000"
,Aaron Jones,RB,GNB,"$465,000"
,Kenny Golladay,WR,DET,"$465,000"
,Tre Madden,RB,SEA,"$465,000"
,Brian Allen,CB,PIT,"$465,000"
,Derrick Jones,CB,NYJ,"$465,000"
,Danny Isidora,OG,MIN,"$465,000"
,Zay Jones,WR,BUF,"$465,000"
,T.J. Watt,OLB,PIT,"$465,000"
,Carl Lawson,DE,CIN,"$465,000"
,Ethan Pocic,C,SEA,"$465,000"
,Tyrique Jarrett,DT,DEN,"$465,000"
,Cam Robinson,OT,JAX,"$465,000"
,Devante Bond,OLB,TAM,"$465,000"
,Jacob Hollister,TE,NWE,"$465,000"
,Ryan Switzer,WR,DAL,"$465,000"
,Adam Butler,DT,NWE,"$465,000"
,Lorenzo Jerome,DB,SFO,"$465,000"
,Tanner Gentry,WR,CHI,"$465,000"
,Jeremiah Valoaga,DE,DET,"$465,000"
,Tyus Bowser,OLB,BAL,"$465,000"
,Taywan Taylor,WR,TEN,"$465,000"
,Ryan Glasgow,DT,CIN,"$465,000"
,James Conner,RB,PIT,"$465,000"
,Alex Barrett,DE,DET,"$465,000"
,Kasen Williams,WR,CLE,"$465,000"
,Maurice Smith,FS,MIA,"$465,000"
,Kendell Beckwith,ILB,TAM,"$465,000"
,Tim Williams,OLB,BAL,"$465,000"
,Rasul Douglas,CB,PHI,"$465,000"
,D'Onta Foreman,RB,HOU,"$465,000"
,Solomon Thomas,DE,SFO,"$465,000"
,Jonathan Allen,DT,WAS,"$465,000"
,Josh Jones,S,GNB,"$465,000"
,Montae Nicholson,SS,WAS,"$465,000"
,Treyvon Hester,DT,OAK,"$465,000"
,Matt Milano,OLB,BUF,"$465,000"
,Jaylen Hill,CB,BAL,"$465,000"
,Pat Elflein,C,MIN,"$465,000"
,Antony Auclair,TE,TAM,"$465,000"
,Joshua Holsey,CB,WAS,"$465,000"
,Jordan Evans,ILB,CIN,"$465,000"
,Shelton Gibson,WR,PHI,"$465,000"
,Chris Godwin,WR,TAM,"$465,000"
,Shane Smith,FB,NYG,"$465,000"
,Cethan Carter,TE,CIN,"$465,000"
,Jalen Reeves-Maybin,OLB,DET,"$465,000"
,Taco Charlton,DE,DAL,"$465,000"
,Nazair Jones,DT,SEA,"$465,000"
,Deshaun Watson,QB,HOU,"$465,000"
,Julie'n Davenport,OT,HOU,"$465,000"
,Alex Anzalone,OLB,NOR,"$465,000"
,Matt Haack,P,MIA,"$465,000"
,Myles Garrett,DE,CLE,"$465,000"
,Keelan Cole,WR,JAX,"$465,000"
,Gerald Everett,TE,LAR,"$465,000"
,Pita Taumoepenu,OLB,SFO,"$465,000"
,Austin Carr,WR,NOR,"$465,000"
,DeMarcus Walker,DE,DEN,"$465,000"
,Rigoberto Sanchez,K,IND,"$465,000"
,Mike Williams,WR,LAC,"$465,000"
,Dylan Donahue,DL,NYJ,"$465,000"
,Elijhaa Penny,RB,ARI,"$465,000"
,Trey Hendrickson,DE,NOR,"$465,000"
,Eric Wilson,ILB,MIN,"$465,000"
,Jeremy Sprinkle,TE,WAS,"$465,000"
,Mitch Trubisky,QB,CHI,"$465,000"
,Roy Robertson-Harris,LB,CHI,"$465,000"
,Nate Hairston,CB,IND,"$465,000"
,Garett Bolles,OT,DEN,"$465,000"
,Will Holden,OT,ARI,"$465,000"
,Ejuan Price,OLB,LAR,"$465,000"
,Devante Mays,RB,GNB,"$465,000"
,Ben Gedeon,ILB,MIN,"$465,000"
,Tanner Vallejo,ILB,BUF,"$465,000"
,Trevon Coley,DL,CLE,"$465,000"
,Budda Baker,FS,ARI,"$465,000"
,John Johnson,S,LAR,"$465,000"
,Gareon Conley,CB,OAK,"$465,000"
,Cooper Rush,QB,DAL,"$465,000"
,Jordan Willis,DE,CIN,"$465,000"
,Lucas Patrick,G,GNB,"$465,000"
,Josh Carraway,DE,TEN,"$465,000"
,Eric Saubert,TE,ATL,"$465,000"
,Samaje Perine,RB,WAS,"$465,000"
,Patrick Mahomes,QB,KAN,"$465,000"
,Rudy Ford,S,ARI,"$465,000"
,Tyler Catalina,OG,WAS,"$465,000"
,Harvey Langi,ILB,NWE,"$465,000"
,Delano Hill,FS,SEA,"$465,000"
,Austin Ekeler,RB,LAC,"$465,000"
,Taysom Hill,QB,NOR,"$465,000"
,Zach Wood,DE,NOR,"$465,000"
,Ifeanyi Momah,WR,ARI,"$465,000"
,Jourdan Lewis,CB,DAL,"$465,000"
,Cordrea Tankersley,CB,MIA,"$465,000"
,Aldrick Rosas,K,NYG,"$465,000"
,Nicholas Morrow,LB,OAK,"$465,000"
,Treston Decoud,CB,HOU,"$465,000"
,Bam Bradley,OLB,BAL,"$465,000"
,Matt Feiler,T,PIT,"$465,000"
,Davon Godchaux,DT,MIA,"$465,000"
,Matt Breida,RB,SFO,"$465,000"
,Deon Lacey,LB,BUF,"$465,000"
,Zach Cunningham,OLB,HOU,"$465,000"
,David Sharpe,OT,OAK,"$465,000"
,David Njoku,TE,CLE,"$465,000"
,Corey Davis,WR,TEN,"$465,000"
,Marquel Lee,ILB,OAK,"$465,000"
,Chidobe Awuzie,CB,DAL,"$465,000"
,Malik Hooker,FS,IND,"$465,000"
,Elijah Qualls,DT,PHI,"$465,000"
,Stefan McClure,S,WAS,"$465,000"
,Avery Moss,DE,NYG,"$465,000"
,Reid Ferguson,LS,BUF,"$465,000"
,Anthony Walker,LB,IND,"$465,000"
,Marlon Mack,RB,IND,"$465,000"
,Jermaine Grace,LB,2TM,"$465,000"
,Ahkello Witherspoon,CB,SFO,"$465,000"
,Trey Edmunds,RB,NOR,"$465,000"
,Grover Stewart,DT,IND,"$465,000"
,Corey Clement,RB,PHI,"$465,000"
,Justin Davis,RB,LAR,"$465,000"
,Evan Engram,TE,NYG,"$465,000"
,Fabian Moreau,CB,WAS,"$465,000"
,Chad Hansen,WR,NYJ,"$465,000"
,Matthew Dayes,RB,CLE,"$465,000"
,Tashawn Bower,OLB,MIN,"$465,000"
,Trey Hopkins,G,CIN,"$465,000"
,Ka'imi Fairbairn,K,HOU,"$465,000"
,Jaleel Johnson,DT,MIN,"$465,000"
,Shalom Luani,SS,OAK,"$465,000"
,Alex Redmond,G,CIN,"$465,000"
,C.J. Beathard,QB,SFO,"$465,000"
,Erik Magnuson,OT,SFO,"$465,000"
,Brendan Langley,CB,DEN,"$465,000"
,Jayon Brown,ILB,TEN,"$465,000"
,Nathan Peterman,QB,BUF,"$465,000"
,Adoree' Jackson,CB,TEN,"$465,000"
,Andrew Billings,DT,CIN,"$465,000"
,James Burgess,LB,CLE,"$465,000"
,Wayne Gallman,RB,NYG,"$465,000"
,Adrian Colbert,SS,SFO,"$465,000"
,James Onwualu,OLB,LAC,"$465,000"
,Jordan Roos,OG,SEA,"$465,000"
,Dan Feeney,OG,LAC,"$465,000"
,Vincent Taylor,DT,MIA,"$465,000"
,Jamal Adams,SS,NYJ,"$465,000"
,Justin McCray,G,GNB,"$465,000"
,Marcus Johnson,WR,PHI,"$465,000"
,Dalvin Cook,RB,MIN,"$465,000"
,Nigel Harris,OLB,3TM,"$465,000"
,Donald Payne,LB,JAX,"$465,000"
,Marlon Humphrey,CB,BAL,"$465,000"
,Chris Carson,RB,SEA,"$465,000"
,Demetrious Cox,FS,CAR,"$465,000"
,Patrick Ricard,DE,BAL,"$465,000"
,Adam Shaheen,TE,CHI,"$465,000"
,Noah Brown,WR,DAL,"$465,000"
,Larry Ogunjobi,DT,CLE,"$465,000"
,Jake Elliott,K,PHI,"$465,000"
,Dylan Cole,LB,HOU,"$465,000"
,Chase Roullier,C,WAS,"$465,000"
,Charles Harris,DE,MIA,"$465,000"
,Chad Williams,WR,ARI,"$465,000"
,Curtis Samuel,WR,CAR,"$465,000"
,YoungHoe Koo,K,LAC,"$465,000"
,Dominique Hatfield,CB,LAR,"$465,000"
,Marcus Williams,FS,NOR,"$465,000"
,Kareem Hunt,RB,KAN,"$465,000"
,Isaiah McKenzie,WR,DEN,"$465,000"
,Jylan Ware,OT,OAK,"$465,000"
,De'Angelo Henderson,RB,DEN,"$465,000"
,Leonard Fournette,RB,JAX,"$465,000"
,Sidney Jones,CB,PHI,"$465,000"
,Terrell Watson,RB,PIT,"$465,000"
,Marshon Lattimore,CB,NOR,"$465,000"
,Kyle Fuller,C,HOU,"$465,000"
,Alvin Kamara,RB,NOR,"$465,000"
,Damontae Kazee,CB,ATL,"$465,000"
,Jesse Davis,T,MIA,"$465,000"
,Victor Bolden,WR,SFO,"$465,000"
,Rayshawn Jenkins,FS,LAC,"$465,000"
,Stacy Coley,WR,MIN,"$465,000"
,Al-Quadin Muhammad,DE,NOR,"$465,000"
,Jamaal Williams,RB,GNB,"$465,000"
,Adam Redmond,G,IND,"$465,000"
,Jamal Agnew,CB,DET,"$465,000"
,Joe Walker,ILB,PHI,"$465,000"
,Kai Nacua,FS,CLE,"$465,000"
,Josh Reynolds,WR,LAR,"$465,000"
,Cole Croston,OT,NWE,"$465,000"
,Quincy Wilson,CB,IND,"$465,000"
,Dalvin Tomlinson,DT,NYG,"$465,000"
,Duke Riley,OLB,ATL,"$465,000"
,Shaquill Griffin,DB,SEA,"$465,000"
,Darrell Daniels,TE,IND,"$465,000"
,Brian Hill,RB,2TM,"$465,000"
,Lenzy Pipkins,CB,GNB,"$465,000"
,Xavier Woods,SS,DAL,"$465,000"
,Tarik Cohen,RB,CHI,"$465,000"
,Isaac Asiata,OG,MIA,"$465,000"
,Taquan Mizzell,RB,CHI,"$465,000"
,Daeshon Hall,DE,CAR,"$465,000"
,Aviante Collins,OG,MIN,"$465,000"
,Ryan Ramczyk,OT,NOR,"$465,000"
,Daniel Munyer,OL,ARI,"$465,000"
,DeShone Kizer,QB,CLE,"$465,000"
,B.J. Bello,LB,CLE,"$465,000"
,Cooper Kupp,WR,LAR,"$465,000"
,Josh Malone,WR,CIN,"$465,000"
,Eddie Jackson,SS,CHI,"$465,000"
,Ryan Anderson,OLB,WAS,"$465,000"
,Chris Odom,DE,GNB,"$465,000"
,Mike Hilton,CB,PIT,"$465,000"
,Max McCaffrey,WR,JAX,"$465,000"
,John Ross,WR,CIN,"$465,000"
,Steve Longa,OLB,DET,"$465,000"
,Sam Tevi,OT,LAC,"$465,000"
,Rodney Adams,WR,MIN,"$465,000"
,Conor McDermott,OT,BUF,"$465,000"
,Josh Harvey-Clemons,SS,WAS,"$465,000"
,Jamal Carter,S,DEN,"$465,000"
,Elijah McGuire,RB,NYJ,"$465,000"
,D.J. Jones,DT,SFO,"$465,000"
,Blair Brown,ILB,JAX,"$465,000"
,Reuben Foster,ILB,SFO,"$465,000"
,Tion Green,RB,DET,"$465,000"
,Deatrich Wise Jr.,DE,NWE,"$465,000"
,Samson Ebukam,OLB,LAR,"$465,000"
,ArDarius Stewart,WR,NYJ,"$465,000"
,Michael Roberts,TE,DET,"$465,000"
,Eli Ankou,DT,JAX,"$465,000"
,Jarrad Davis,ILB,DET,"$465,000"
,Jermaine Eluemunor,OG,BAL,"$465,000"
,TreDavious White,CB,BUF,"$465,000"
,Tanzel Smart,DT,LAR,"$465,000"
,Derek Barnett,DE,PHI,"$465,000"
,Kevin King,CB,GNB,"$465,000"
,JuJu Smith-Schuster,WR,PIT,"$465,000"
,Caleb Brantley,DT,CLE,"$465,000"
,Kasey Redfern,P,DET,"$465,000"
,Zane Gonzalez,K,CLE,"$465,000"
,Jalen Myrick,CB,JAX,"$465,000"
,Tanoh Kpassagnon,DE,KAN,"$465,000"
,Jerald Hawkins,OT,PIT,"$465,000"
,Dawuane Smoot,DE,JAX,"$465,000"
,Jabrill Peppers,SS,CLE,"$465,000"
,Chase Allen,LB,MIA,"$465,000"
,Takkarist McKinley,OLB,ATL,"$465,000"
,Charles Washington,DB,DET,"$465,000"
,Thomas Hennessy,LS,NYJ,"$465,000"
,Chuck Clark,FS,BAL,"$465,000"
,Joe Mixon,RB,CIN,"$465,000"
,Chad Wheeler,OT,NYG,"$465,000"
,Deyshawn Bond,C,IND,"$465,000"
,Mack Hollins,WR,PHI,"$465,000"
,Eddie Yarbrough,DE,BUF,"$465,000"
,Teez Tabor,CB,DET,"$465,000"
,Eddie Vanderdoes,DT,OAK,"$465,000"
,Mitchell Loewen,DE,NOR,"$465,000"
,Trent Taylor,WR,SFO,"$465,000"
,Justin Vogel,P,GNB,"$465,000"
,Calvin Munson,OLB,NYG,"$465,000"
,George Kittle,TE,SFO,"$465,000"
,Evan Dietrich-Smith,G,TAM,"$465,000"
,Tedric Thompson,SS,SEA,"$465,000"
,Carlos Watkins,DT,HOU,"$465,000"
,Sean Culkin,TE,LAC,"$465,000"
,Hardy Nickerson,ILB,CIN,"$465,000"
,Amara Darboh,WR,SEA,"$465,000"
,Jeremiah Ledbetter,DT,DET,"$465,000"
,Ukeme Eligwe,OLB,KAN,"$465,000"
1744,Jonathan Freeny,DE,3TM,"$455,882"
,Orlando Franklin,OL,WAS,"$455,882"
,Sean Weatherspoon,LB,ATL,"$455,882"
,Gavin Escobar,TE,BAL,"$455,882"
1748,Khyri Thornton,DT,DET,"$452,941"
1749,Jacquies Smith,DE,2TM,"$446,471"
1750,Curtis Grant,LB,NYG,"$437,648"
1751,Mike Davis,RB,SEA,"$437,647"
,Elijah Lee,OLB,SFO,"$437,647"
,Adam Pankey,OG,GNB,"$437,647"
,Tony McRae,CB,2TM,"$437,647"
,Evan Baylis,TE,HOU,"$437,647"
,Lawrence Thomas,DE,NYJ,"$437,647"
,Michael Davis,,LAC,"$437,647"
1758,Kelvin Sheppard,LB,NYG,"$423,529"
1759,Louis Murphy,WR,SFO,"$423,528"
1760,Jordan Lucas,SS,MIA,"$421,941"
1761,Deon King,LB,CLE,"$412,945"
,Scooby Wright,ILB,ARI,"$412,945"
,Chris Reed,G,JAX,"$412,945"
1764,Bryce Treggs,WR,CLE,"$412,941"
,Branden Jackson,DE,SEA,"$412,941"
,Quinton Jefferson,DT,SEA,"$412,941"
,Mike Thomas,WR,LAR,"$412,941"
1768,Jordan Leslie,WR,CLE,"$410,295"
,Reggie Porter,CB,CLE,"$410,295"
1770,Matt Skura,C,BAL,"$410,294"
,Justin Hardee,WR,NOR,"$410,294"
,Travaris Cadet,RB,2TM,"$410,294"
,Don Barclay,G,DET,"$410,294"
,T.J. Yates,QB,HOU,"$410,294"
,Alex Armah,FB,CAR,"$410,294"
,Devin Taylor,DE,NYG,"$410,294"
,Ricky Seals-Jones,WR,ARI,"$410,294"
1778,Robert Nelson,FS,NYJ,"$405,882"
1779,David Fales,QB,MIA,"$405,880"
1780,Jairus Byrd,DB,CAR,"$404,648"
1781,Josh Lambo,K,JAX,"$397,941"
,Michael Ola,T,LAC,"$397,941"
1783,A.J. Francis,DL,WAS,"$397,936"
1784,Aaron Wallace,OLB,TEN,"$383,824"
1785,Chris Thompson,RB,WAS,"$382,942"
,Chris Thompson,WR,HOU,"$382,942"
1787,Harrison Butker,K,KAN,"$382,941"
,Taybor Pepper,LS,GNB,"$382,941"
,Bryan Cox,DE,CAR,"$382,941"
1790,Shilique Calhoun,DE,OAK,"$381,176"
,Patrick Murray,K,TAM,"$381,176"
,Justin March-Lillard,LB,3TM,"$381,176"
,Darnell Sankey,LB,IND,"$381,176"
1794,Will Beatty,T,PHI,"$370,588"
,Dannell Ellerbe,LB,PHI,"$370,588"
1796,Cam Thomas,DT,KAN,"$370,587"
1797,Brenton Bersin,WR,CAR,"$365,292"
1798,Jeff Cumberland,TE,LAC,"$364,706"
1799,Deiondre' Hall,CB,CHI,"$363,000"
,Maurice Canady,CB,BAL,"$363,000"
,Ronald Blair,DE,SFO,"$363,000"
1802,Arie Kouandjio,OG,WAS,"$361,765"
,Trevor Reilly,OLB,NWE,"$361,765"
1804,Jon Halapio,OG,NYG,"$355,589"
,Isaiah Johnson,S,TAM,"$355,589"
1806,Greg Mabin,CB,2TM,"$355,588"
,Kyle Kalis,OG,IND,"$355,588"
,Isaiah Irving,OLB,CHI,"$355,588"
,Henry Krieger-Coble,TE,IND,"$355,588"
1810,Darrelle Revis,DB,KAN,"$352,941"
1811,Jermaine Whitehead,DB,GNB,"$349,415"
,Joe Callahan,QB,GNB,"$349,415"
,Richard Ash,DT,DAL,"$349,415"
1814,Daniel Lasco,RB,NOR,"$349,412"
1815,Cameron Sutton,CB,PIT,"$348,000"
,Dede Westbrook,WR,JAX,"$348,000"
,Obi Melifonwu,SS,OAK,"$348,000"
,Jeremy Clark,CB,NYJ,"$348,000"
,Marquez Williams,FB,CLE,"$348,000"
,Vince Biegel,OLB,GNB,"$348,000"
1821,Marvin Hall,WR,ATL,"$328,236"
,Donte Deayon,DB,NYG,"$328,236"
,Adam Bighill,LB,NOR,"$328,236"
,Tani Tupou,DT,ATL,"$328,236"
1825,Cole Hikutini,TE,SFO,"$328,235"
,Xavier Coleman,CB,NYJ,"$328,235"
,Travis Rudolph,WR,NYG,"$328,235"
,Ed Eagan,WR,NYG,"$328,235"
,Marcus Kemp,WR,KAN,"$328,235"
1830,Tyreek Burwell,T,IND,"$325,588"
,Xavier Cooper,DT,2TM,"$325,588"
,Josh Keyes,LB,2TM,"$325,588"
,Angelo Blackson,DT,HOU,"$325,588"
1834,Cyrus Kouandjio,OT,DEN,"$324,706"
1835,Akeem Ayers,LB,NYG,"$319,118"
,Harlan Miller,CB,ARI,"$319,118"
1837,Joshua Perry,OLB,IND,"$317,647"
,Matt Lengel,TE,CLE,"$317,647"
1839,Jerrol Garcia-Williams,LB,DEN,"$300,883"
,Hunter Sharp,WR,2TM,"$300,883"
,Jaydon Mickens,WR,JAX,"$300,883"
,Nathan Gerry,SS,PHI,"$300,883"
,Elijah Wilkinson,OT,DEN,"$300,883"
1844,Nick Rose,K,2TM,"$300,882"
1845,Ray-Ray Armstrong,LB,2TM,"$294,118"
1846,Freddie Martino,WR,TAM,"$289,408"
1847,Nate Sudfeld,QB,PHI,"$285,882"
,D.J. White,CB,IND,"$285,882"
1849,Jace Billingsley,WR,DET,"$273,530"
,Dan Skipper,OT,DET,"$273,530"
,Kevin Snyder,LB,DEN,"$273,530"
,Blake Jarwin,TE,DAL,"$273,530"
1853,Elijah Hood,RB,OAK,"$273,529"
1854,Joey Mbu,NT,IND,"$254,120"
,Ben Braunecker,TE,CHI,"$254,120"
1856,Max Tuerk,C,ARI,"$254,118"
1857,Zach Vigil,ILB,WAS,"$253,235"
1858,Terrence Magee,RB,ATL,"$253,232"
,Deiontrez Mount,OLB,DEN,"$253,232"
1860,Derek Hart,LS,GNB,"$246,177"
,Donatello Brown,CB,GNB,"$246,177"
,Marshall Koehn,K,CIN,"$246,177"
,Darrell Williams,OL,SFO,"$246,177"
,Bryson Albright,LB,ARI,"$246,177"
1865,Demetrius Rhaney,C,WAS,"$243,529"
,Cairo Santos,K,2TM,"$243,529"
,Fitzgerald Toussaint,RB,PIT,"$243,529"
1868,Mike Nugent,K,2TM,"$235,294"
1869,Tim Barnes,C,SFO,"$227,941"
,Datone Jones,DE,2TM,"$227,941"
,Chris Prosinski,DB,CHI,"$227,941"
1872,Byron Marshall,RB,WAS,"$222,353"
,Joe Kerridge,FB,GNB,"$222,353"
,Vinston Painter,OT,ARI,"$222,353"
,Kalif Raymond,WR,2TM,"$222,353"
1876,Daniel Ross,DT,DAL,"$218,824"
,Zach Sterup,OL,MIA,"$218,824"
,Josh Tupou,DT,CIN,"$218,824"
,Johnny Mundt,TE,LAR,"$218,824"
,Jojo Natson,WR,NYJ,"$218,824"
,Joseph Jones,OLB,DEN,"$218,824"
,Brandon Banks,DL,WAS,"$218,824"
,Darius Hillary,CB,CLE,"$218,824"
,Brandon Wilson,CB,CIN,"$218,824"
,Chunky Clements,DT,HOU,"$218,824"
,Maurice Harris,WR,WAS,"$218,824"
,Lewis Neal,DE,DAL,"$218,824"
,Josh Forrest,ILB,SEA,"$218,824"
1889,Dexter McDougle,CB,2TM,"$217,059"
,Howard Jones,LB,CHI,"$217,059"
,Neville Hewitt,LB,MIA,"$217,059"
1892,Orson Charles,TE,KAN,"$202,940"
1893,Austin Traylor,TE,DEN,"$191,471"
,Colin Holba,LS,JAX,"$191,471"
,Larry Pinkard,WR,JAX,"$191,471"
1896,Cobi Hamilton,WR,HOU,"$190,590"
1897,Christian Ringo,DE,DET,"$190,588"
1898,Spencer Paysinger,LB,CAR,"$182,353"
1899,Bradley Marquez,WR,DET,"$180,882"
1900,Khalif Barnes,T,ARI,"$176,471"
1901,Eric Lee,LB,NWE,"$164,118"
,Justin Currie,S,CLE,"$164,118"
,David Moore,WR,SEA,"$164,118"
,Pete Robertson,LB,WAS,"$164,118"
,LeShun Daniels,RB,WAS,"$164,118"
,Jason Vander Laan,TE,IND,"$164,118"
,Kevin Peterson,CB,LAR,"$164,118"
1908,Brandon Dixon,CB,NYG,"$158,825"
,Gabe Martin,LB,ARI,"$158,825"
,Carlos Thompson,LB,LAR,"$158,825"
,Bronson Hill,RB,ARI,"$158,825"
1912,Bryan Braman,LB,PHI,"$158,824"
,Nicholas Grigsby,LB,NWE,"$158,824"
,Anthony Fabiano,OL,IND,"$158,824"
1915,MyCole Pruitt,TE,HOU,"$144,706"
,Anthony Johnson,DT,IND,"$144,706"
,Cameron Lynch,LB,2TM,"$144,706"
1918,K.J. Brent,WR,IND,"$136,765"
,Garrett Griffin,TE,NOR,"$136,765"
,Pat O'Connor,DE,TAM,"$136,765"
,LaTroy Lewis,LB,HOU,"$136,765"
,Travis Coons,K,LAC,"$136,765"
,Lavar Edwards,DE,CLE,"$136,765"
,Bernard Reedy,WR,2TM,"$136,765"
,Marcus Rios,CB,DEN,"$136,765"
,Mike Liedtke,OL,TAM,"$136,765"
,Cameron Malveaux,DE,MIA,"$136,765"
,Carroll Phillips,OLB,JAX,"$136,765"
,Gimel President,DE,HOU,"$136,765"
,De'Veon Smith,RB,MIA,"$136,765"
,Michael Clark,WR,GNB,"$136,765"
,Arthur Maulet,CB,NOR,"$136,765"
,Isaac Whitney,WR,OAK,"$136,765"
,Chad Slade,G,HOU,"$136,765"
,Jesus Wilson,WR,TAM,"$136,765"
,Rodney Coe,DT,SEA,"$136,765"
,Jeremy McNichols,RB,SFO,"$136,765"
1938,Stanley Jean-Baptiste,CB,BAL,"$127,060"
1939,Darius Powe,WR,NYG,"$127,059"
1940,Keith Reaser,CB,2TM,"$121,765"
1941,Nordly Capi,LB,2TM,"$109,412"
,Rashaad Coward,DT,CHI,"$109,412"
,DeAndrew White,WR,HOU,"$109,412"
,Justin Hamilton,DT,2TM,"$109,412"
,Robert Davis,WR,WAS,"$109,412"
1946,Taylor Heinicke,QB,HOU,"$108,529"
,Isaiah Johnson,DB,LAR,"$108,529"
1948,Kapri Bibbs,RB,WAS,"$108,528"
1949,John Phillips,TE,NOR,"$105,882"
1950,Kyle Carter,TE,MIN,"$100,800"
1951,C.J. Smith,CB,CLE,"$95,294"
,Tyvis Powell,FS,SFO,"$95,294"
,Gabe Holmes,TE,ARI,"$95,294"
,Paul Dawson,OLB,SEA,"$95,294"
,Matt Hazel,WR,IND,"$95,294"
1956,Cameron Lee,G,CHI,"$93,600"
1957,Ryan Murphy,FS,NYG,"$82,059"
,Riley Bullough,ILB,TAM,"$82,059"
,Matt LaCosse,TE,2TM,"$82,059"
,Isaac Rochell,DE,LAC,"$82,059"
,Kache Palacio,LB,SEA,"$82,059"
,Otha Peters,LB,WAS,"$82,059"
,Breon Borders,CB,BUF,"$82,059"
,Brandon Bell,OLB,CIN,"$82,059"
,Leon McQuay,S,KAN,"$82,059"
,Jarveon Williams,HB,CIN,"$82,059"
,Dymonte Thomas,SS,DEN,"$82,059"
1968,Caraun Reid,DT,DET,"$81,176"
1969,David Quessenberry,OT,HOU,"$72,353"
,Ronald Martin,SS,IND,"$72,353"
,James Stone,C,OAK,"$72,353"
1972,Michael Hunter,CB,NYG,"$63,529"
,Channing Ward,DE,TAM,"$63,529"
1974,Tony McDaniel,DT,2TM,"$58,824"
,James Harrison,LB,2TM,"$58,824"
1976,Kent Perkins,OT,CIN,"$54,706"
,Mose Frazier,WR,CAR,"$54,706"
,Sam Ficken,K,LAR,"$54,706"
,Fish Smithson,S,WAS,"$54,706"
,Pharaoh Brown,TE,OAK,"$54,706"
,Andy Jones,WR,2TM,"$54,706"
,Brett Boyko,T,LAC,"$54,706"
,Dare Ogunbowale,RB,WAS,"$54,706"
,Reggie Gilbert,LB,GNB,"$54,706"
,Brady Sheldon,LB,OAK,"$54,706"
,Ryan Malleck,TE,HOU,"$54,706"
,David Rivers,CB,TAM,"$54,706"
1988,Krishawn Hogan,WR,IND,"$38,294"
1989,Marcus Murphy,RB,BUF,"$36,176"
,Edmond Robinson,OLB,NYJ,"$36,176"
1991,Hakeem Valles,TE,DET,"$31,765"
,Marquis Bundy,WR,NYG,"$31,765"
1993,Jeff Overbaugh,LS,MIN,"$27,353"
,Quincy Adeboyejo,WR,BAL,"$27,353"
,Derrick Mathews,LB,NYG,"$27,353"
,Rickey Hatley,DT,BUF,"$27,353"
,Emanuel Byrd,TE,GNB,"$27,353"
,Aaron Neary,C,LAR,"$27,353"
,Garrett Sickels,DE,LAR,"$27,353"